<?xml version="1.0" encoding="utf-8"?>
 <Behavior>
 <Node Name="GE_BT3" Type="Root" >
 <Node Type="Selector" Name="rootSelector" >
 <Connector Identifier="GenericChildren">
  <Node Type="Sequence" Name="BehaviourBlock" >
 <Connector Identifier="GenericChildren">
 <Node Name="IsStuck" Type="Condition" />
 <Node Filter_Type="Loop" Name="loop" Times="10" Type="Filter" >
 <Connector Identifier="GenericChildren">
 <Node Type="Sequence" Name="mySequence" >
 <Connector Identifier="GenericChildren">
 	<Node Name="JumpLeftLong" Type="Sequence" Node_id="88" >
		<Connector Identifier="GenericChildren">
			<Node Name="NOP" Operation="NOP" Type="Action" Node_id="89" />
			<Node Filter_Type="Loop" Name="Loop_Make_Jump" Times="9" Type="Filter" Node_id="90" >
				<Connector Identifier="GenericChildren">
					<Node Name="JumpLeft" Operation="JumpLeft" Type="Action" Node_id="91" />
				</Connector>
			</Node>
		</Connector>
	</Node>
 <Node Name="NOP" Type="Action" />
 </Connector>
</Node>
 </Connector>
</Node>
 </Connector>
</Node>
  <Node Type="Sequence" Name="defaultSequence" >
 <Connector Identifier="GenericChildren">
 	<Node Name="JumpRightRunLong" Type="Sequence" Node_id="98" >
		<Connector Identifier="GenericChildren">
			<Node Name="NOP" Operation="NOP" Type="Action" Node_id="99" />
			<Node Filter_Type="Loop" Name="Loop_Run" Times="9" Type="Filter" Node_id="100" >
				<Connector Identifier="GenericChildren">
					<Node Name="JumpRightRun" Operation="JumpRightRun" Type="Action" Node_id="101" />
				</Connector>
			</Node>
		</Connector>
	</Node>
 <Node Name="RunLeft" Type="Action" />
 	<Node Name="WalkRightSafe" Type="Selector" Node_id="360" >
		<Connector Identifier="GenericChildren">
			<Node Name="Hole" Type="Sequence" Node_id="361" >
				<Connector Identifier="GenericChildren">
					<Node Name="HoleAhead" Operation="HoleAhead" Type="Condition" Node_id="362" />
					<Node Name="JumpRightRunLong" Type="Sequence" Node_id="363" >
						<Connector Identifier="GenericChildren">
							<Node Name="NOP" Operation="NOP" Type="Action" Node_id="364" />
							<Node Filter_Type="Loop" Name="Loop_Run" Times="9" Type="Filter" Node_id="365" >
								<Connector Identifier="GenericChildren">
									<Node Name="JumpRightRun" Operation="JumpRightRun" Type="Action" Node_id="366" />
								</Connector>
							</Node>
						</Connector>
					</Node>
				</Connector>
			</Node>
			<Node Name="Obstacle" Type="Sequence" Node_id="367" >
				<Connector Identifier="GenericChildren">
					<Node Name="ObstacleAhead" Operation="ObstacleAhead" Type="Condition" Node_id="368" />
					<Node Name="JumpRightRunLong" Type="Sequence" Node_id="369" >
						<Connector Identifier="GenericChildren">
							<Node Name="NOP" Operation="NOP" Type="Action" Node_id="370" />
							<Node Filter_Type="Loop" Name="Loop_Run" Times="9" Type="Filter" Node_id="371" >
								<Connector Identifier="GenericChildren">
									<Node Name="JumpRightRun" Operation="JumpRightRun" Type="Action" Node_id="372" />
								</Connector>
							</Node>
						</Connector>
					</Node>
				</Connector>
			</Node>
			<Node Name="jumpableEnemy" Type="Sequence" Node_id="373" >
				<Connector Identifier="GenericChildren">
					<Node Name="JumpableEnemyAhead" Operation="JumpableEnemyAhead" Type="Condition" Node_id="374" />
					<Node Name="JumpRightShort" Type="Sequence" Node_id="375" >
						<Connector Identifier="GenericChildren">
							<Node Name="NOP" Operation="NOP" Type="Action" Node_id="376" />
							<Node Filter_Type="Loop" Name="Loop_Run" Times="3" Type="Filter" Node_id="377" >
								<Connector Identifier="GenericChildren">
									<Node Name="JumpRight" Operation="JumpRight" Type="Action" Node_id="378" />
								</Connector>
							</Node>
						</Connector>
					</Node>
				</Connector>
			</Node>
			<Node Name="noJumpableEnemy" Type="Sequence" Node_id="379" >
				<Connector Identifier="GenericChildren">
					<Node Name="NoJumpableEnemyAhead" Operation="NoJumpableEnemyAhead" Type="Condition" Node_id="380" />
					<Node Name="JumpRightRunLong" Type="Sequence" Node_id="381" >
						<Connector Identifier="GenericChildren">
							<Node Name="NOP" Operation="NOP" Type="Action" Node_id="382" />
							<Node Filter_Type="Loop" Name="Loop_Run" Times="9" Type="Filter" Node_id="383" >
								<Connector Identifier="GenericChildren">
									<Node Name="JumpRightRun" Operation="JumpRightRun" Type="Action" Node_id="384" />
								</Connector>
							</Node>
						</Connector>
					</Node>
				</Connector>
			</Node>
			<Node Name="WalkRight" Operation="WalkRight" Type="Action" Node_id="385" />
		</Connector>
	</Node>
 <Node Name="WalkLeft" Type="Action" />
 	<Node Name="JumpRightLong" Type="Sequence" Node_id="93" >
		<Connector Identifier="GenericChildren">
			<Node Name="NOP" Operation="NOP" Type="Action" Node_id="94" />
			<Node Filter_Type="Loop" Name="Loop_Make_Jump" Times="9" Type="Filter" Node_id="95" >
				<Connector Identifier="GenericChildren">
					<Node Name="JumpRight" Operation="JumpRight" Type="Action" Node_id="96" />
				</Connector>
			</Node>
		</Connector>
	</Node>
 	<Node Name="JumpRightLong" Type="Sequence" Node_id="93" >
		<Connector Identifier="GenericChildren">
			<Node Name="NOP" Operation="NOP" Type="Action" Node_id="94" />
			<Node Filter_Type="Loop" Name="Loop_Make_Jump" Times="9" Type="Filter" Node_id="95" >
				<Connector Identifier="GenericChildren">
					<Node Name="JumpRight" Operation="JumpRight" Type="Action" Node_id="96" />
				</Connector>
			</Node>
		</Connector>
	</Node>
 	<Node Name="WalkRightSafe" Type="Selector" Node_id="360" >
		<Connector Identifier="GenericChildren">
			<Node Name="Hole" Type="Sequence" Node_id="361" >
				<Connector Identifier="GenericChildren">
					<Node Name="HoleAhead" Operation="HoleAhead" Type="Condition" Node_id="362" />
					<Node Name="JumpRightRunLong" Type="Sequence" Node_id="363" >
						<Connector Identifier="GenericChildren">
							<Node Name="NOP" Operation="NOP" Type="Action" Node_id="364" />
							<Node Filter_Type="Loop" Name="Loop_Run" Times="9" Type="Filter" Node_id="365" >
								<Connector Identifier="GenericChildren">
									<Node Name="JumpRightRun" Operation="JumpRightRun" Type="Action" Node_id="366" />
								</Connector>
							</Node>
						</Connector>
					</Node>
				</Connector>
			</Node>
			<Node Name="Obstacle" Type="Sequence" Node_id="367" >
				<Connector Identifier="GenericChildren">
					<Node Name="ObstacleAhead" Operation="ObstacleAhead" Type="Condition" Node_id="368" />
					<Node Name="JumpRightRunLong" Type="Sequence" Node_id="369" >
						<Connector Identifier="GenericChildren">
							<Node Name="NOP" Operation="NOP" Type="Action" Node_id="370" />
							<Node Filter_Type="Loop" Name="Loop_Run" Times="9" Type="Filter" Node_id="371" >
								<Connector Identifier="GenericChildren">
									<Node Name="JumpRightRun" Operation="JumpRightRun" Type="Action" Node_id="372" />
								</Connector>
							</Node>
						</Connector>
					</Node>
				</Connector>
			</Node>
			<Node Name="jumpableEnemy" Type="Sequence" Node_id="373" >
				<Connector Identifier="GenericChildren">
					<Node Name="JumpableEnemyAhead" Operation="JumpableEnemyAhead" Type="Condition" Node_id="374" />
					<Node Name="JumpRightShort" Type="Sequence" Node_id="375" >
						<Connector Identifier="GenericChildren">
							<Node Name="NOP" Operation="NOP" Type="Action" Node_id="376" />
							<Node Filter_Type="Loop" Name="Loop_Run" Times="3" Type="Filter" Node_id="377" >
								<Connector Identifier="GenericChildren">
									<Node Name="JumpRight" Operation="JumpRight" Type="Action" Node_id="378" />
								</Connector>
							</Node>
						</Connector>
					</Node>
				</Connector>
			</Node>
			<Node Name="noJumpableEnemy" Type="Sequence" Node_id="379" >
				<Connector Identifier="GenericChildren">
					<Node Name="NoJumpableEnemyAhead" Operation="NoJumpableEnemyAhead" Type="Condition" Node_id="380" />
					<Node Name="JumpRightRunLong" Type="Sequence" Node_id="381" >
						<Connector Identifier="GenericChildren">
							<Node Name="NOP" Operation="NOP" Type="Action" Node_id="382" />
							<Node Filter_Type="Loop" Name="Loop_Run" Times="9" Type="Filter" Node_id="383" >
								<Connector Identifier="GenericChildren">
									<Node Name="JumpRightRun" Operation="JumpRightRun" Type="Action" Node_id="384" />
								</Connector>
							</Node>
						</Connector>
					</Node>
				</Connector>
			</Node>
			<Node Name="WalkRight" Operation="WalkRight" Type="Action" Node_id="385" />
		</Connector>
	</Node>
 <Node Name="Down" Type="Action" />
 	<Node Name="GoUnderLeft" Type="Sequence" Node_id="593" >
		<Connector Identifier="GenericChildren">
			<Node Name="IsStuck" Operation="IsStuck" Type="Condition" Node_id="656" />
			<Node Name="ObstacleHead" Operation="ObstacleHead" Type="Condition" Node_id="657" />
			<Node Name="NOP" Operation="NOP" Type="Action" Node_id="594" />
			<Node Filter_Type="Loop" Name="Loop_GoingBack" Times="10" Type="Filter" Node_id="595" >
				<Connector Identifier="GenericChildren">
					<Node Name="RunSequence" Type="Sequence" Node_id="596" >
						<Connector Identifier="GenericChildren">
							<Node Name="RunRightSafe" Type="Selector" Node_id="597" >
								<Connector Identifier="GenericChildren">
									<Node Name="Hole" Type="Sequence" Node_id="598" >
										<Connector Identifier="GenericChildren">
											<Node Name="HoleAhead" Operation="HoleAhead" Type="Condition" Node_id="599" />
											<Node Name="JumpRightRunLong" Type="Sequence" Node_id="600" >
												<Connector Identifier="GenericChildren">
													<Node Name="NOP" Operation="NOP" Type="Action" Node_id="601" />
													<Node Filter_Type="Loop" Name="Loop_Run" Times="9" Type="Filter" Node_id="602" >
														<Connector Identifier="GenericChildren">
															<Node Name="JumpRightRun" Operation="JumpRightRun" Type="Action" Node_id="603" />
														</Connector>
													</Node>
												</Connector>
											</Node>
										</Connector>
									</Node>
									<Node Name="Obstacle" Type="Sequence" Node_id="604" >
										<Connector Identifier="GenericChildren">
											<Node Name="ObstacleAhead" Operation="ObstacleAhead" Type="Condition" Node_id="605" />
											<Node Name="JumpRightRunLong" Type="Sequence" Node_id="606" >
												<Connector Identifier="GenericChildren">
													<Node Name="NOP" Operation="NOP" Type="Action" Node_id="607" />
													<Node Filter_Type="Loop" Name="Loop_Run" Times="9" Type="Filter" Node_id="608" >
														<Connector Identifier="GenericChildren">
															<Node Name="JumpRightRun" Operation="JumpRightRun" Type="Action" Node_id="609" />
														</Connector>
													</Node>
												</Connector>
											</Node>
										</Connector>
									</Node>
									<Node Name="jumpableEnemy" Type="Sequence" Node_id="610" >
										<Connector Identifier="GenericChildren">
											<Node Name="JumpableEnemyAhead" Operation="JumpableEnemyAhead" Type="Condition" Node_id="611" />
											<Node Name="JumpRightShort" Type="Sequence" Node_id="612" >
												<Connector Identifier="GenericChildren">
													<Node Name="NOP" Operation="NOP" Type="Action" Node_id="613" />
													<Node Filter_Type="Loop" Name="Loop_Run" Times="3" Type="Filter" Node_id="614" >
														<Connector Identifier="GenericChildren">
															<Node Name="JumpRight" Operation="JumpRight" Type="Action" Node_id="615" />
														</Connector>
													</Node>
												</Connector>
											</Node>
										</Connector>
									</Node>
									<Node Name="noJumpableEnemy" Type="Sequence" Node_id="616" >
										<Connector Identifier="GenericChildren">
											<Node Name="NoJumpableEnemyAhead" Operation="NoJumpableEnemyAhead" Type="Condition" Node_id="617" />
											<Node Name="JumpRightRunLong" Type="Sequence" Node_id="618" >
												<Connector Identifier="GenericChildren">
													<Node Name="NOP" Operation="NOP" Type="Action" Node_id="619" />
													<Node Filter_Type="Loop" Name="Loop_Run" Times="9" Type="Filter" Node_id="620" >
														<Connector Identifier="GenericChildren">
															<Node Name="JumpRightRun" Operation="JumpRightRun" Type="Action" Node_id="621" />
														</Connector>
													</Node>
												</Connector>
											</Node>
										</Connector>
									</Node>
									<Node Name="RunRight" Operation="RunRight" Type="Action" Node_id="622" />
								</Connector>
							</Node>
						</Connector>
					</Node>
				</Connector>
			</Node>
			<Node Filter_Type="Non" Name="Loop_GoingForward" Type="Filter" Node_id="623" >
				<Connector Identifier="GenericChildren">
					<Node Filter_Type="Until_Fails_Limited" Name="UFL" Times="50" Type="Filter" Node_id="624" >
						<Connector Identifier="GenericChildren">
							<Node Name="GoingForward" Type="Sequence" Node_id="625" >
								<Connector Identifier="GenericChildren">
									<Node Filter_Type="Non" Name="Non" Type="Filter" Node_id="626" >
										<Connector Identifier="GenericChildren">
											<Node Name="ObstacleHeadBack" Operation="ObstacleHeadBack" Type="Condition" Node_id="627" />
										</Connector>
									</Node>
									<Node Name="RunLeftSafe" Type="Selector" Node_id="628" >
										<Connector Identifier="GenericChildren">
											<Node Name="Hole" Type="Sequence" Node_id="629" >
												<Connector Identifier="GenericChildren">
													<Node Name="HoleBack" Operation="HoleBack" Type="Condition" Node_id="630" />
													<Node Name="JumpLeftRunLong" Type="Sequence" Node_id="631" >
														<Connector Identifier="GenericChildren">
															<Node Name="NOP" Operation="NOP" Type="Action" Node_id="632" />
															<Node Filter_Type="Loop" Name="Loop_Run" Times="9" Type="Filter" Node_id="633" >
																<Connector Identifier="GenericChildren">
																	<Node Name="JumpLeftRun" Operation="JumpLeftRun" Type="Action" Node_id="634" />
																</Connector>
															</Node>
														</Connector>
													</Node>
												</Connector>
											</Node>
											<Node Name="Obstacle" Type="Sequence" Node_id="635" >
												<Connector Identifier="GenericChildren">
													<Node Name="ObstacleBack" Operation="ObstacleBack" Type="Condition" Node_id="636" />
													<Node Name="JumpLeftRunLong" Type="Sequence" Node_id="637" >
														<Connector Identifier="GenericChildren">
															<Node Name="NOP" Operation="NOP" Type="Action" Node_id="638" />
															<Node Filter_Type="Loop" Name="Loop_Run" Times="9" Type="Filter" Node_id="639" >
																<Connector Identifier="GenericChildren">
																	<Node Name="JumpLeftRun" Operation="JumpLeftRun" Type="Action" Node_id="640" />
																</Connector>
															</Node>
														</Connector>
													</Node>
												</Connector>
											</Node>
											<Node Name="jumpableEnemy" Type="Sequence" Node_id="641" >
												<Connector Identifier="GenericChildren">
													<Node Name="JumpableEnemyBack" Operation="JumpableEnemyBack" Type="Condition" Node_id="642" />
													<Node Name="JumpLeftShort" Type="Sequence" Node_id="643" >
														<Connector Identifier="GenericChildren">
															<Node Name="NOP" Operation="NOP" Type="Action" Node_id="644" />
															<Node Filter_Type="Loop" Name="Loop_Run" Times="3" Type="Filter" Node_id="645" >
																<Connector Identifier="GenericChildren">
																	<Node Name="JumpLeft" Operation="JumpLeft" Type="Action" Node_id="646" />
																</Connector>
															</Node>
														</Connector>
													</Node>
												</Connector>
											</Node>
											<Node Name="noJumpableEnemy" Type="Sequence" Node_id="647" >
												<Connector Identifier="GenericChildren">
													<Node Name="NoJumpableEnemyBack" Operation="NoJumpableEnemyBack" Type="Condition" Node_id="648" />
													<Node Name="JumpLeftRunLong" Type="Sequence" Node_id="649" >
														<Connector Identifier="GenericChildren">
															<Node Name="NOP" Operation="NOP" Type="Action" Node_id="650" />
															<Node Filter_Type="Loop" Name="Loop_Run" Times="9" Type="Filter" Node_id="651" >
																<Connector Identifier="GenericChildren">
																	<Node Name="JumpLeftRun" Operation="JumpLeftRun" Type="Action" Node_id="652" />
																</Connector>
															</Node>
														</Connector>
													</Node>
												</Connector>
											</Node>
											<Node Name="RunLeft" Operation="RunLeft" Type="Action" Node_id="653" />
										</Connector>
									</Node>
								</Connector>
							</Node>
						</Connector>
					</Node>
				</Connector>
			</Node>
			<Node Filter_Type="Loop" Name="Loop_GoingUnder" Times="5" Type="Filter" Node_id="654" >
				<Connector Identifier="GenericChildren">
					<Node Name="Down" Operation="Down" Type="Action" Node_id="655" />
				</Connector>
			</Node>
		</Connector>
	</Node>
 <Node Name="RunRight" Type="Action" />
 <Node Name="Fire" Type="Action" />
 <Node Name="NOP" Type="Action" />
 <Node Name="RunLeft" Type="Action" />
 </Connector>
</Node>
 </Connector>
 </Node>
 </Node>
 </Behavior>

