<?xml version="1.0" encoding="utf-8"?>
 <Behavior>
 <Node Name="GE_BT3" Type="Root" >
 <Node Type="Selector" Name="rootSelector" >
 <Connector Identifier="GenericChildren">
  <Node Type="Sequence" Name="BehaviourBlock" >
 <Connector Identifier="GenericChildren">
 	<Node Name="Avoid_Left_Trap" Type="Sequence" Node_id="64" >
		<Connector Identifier="GenericChildren">
			<Node Name="IsALeftTrap" Operation="IsALeftTrap" Type="Condition" Node_id="65" />
			<Node Filter_Type="Until_Fails" Name="GetOutOfHere" Type="Filter" Node_id="66" >
				<Connector Identifier="GenericChildren">
					<Node Name="WhatToDo" Type="Selector" Node_id="67" >
						<Connector Identifier="GenericChildren">
							<Node Name="DetectGap" Type="Selector" Node_id="68" >
								<Connector Identifier="GenericChildren">
									<Node Name="GoALot" Type="Sequence" Node_id="69" >
										<Connector Identifier="GenericChildren">
											<Node Filter_Type="Non" Name="Non" Type="Filter" Node_id="70" >
												<Connector Identifier="GenericChildren">
													<Node Name="CanIStopRunning" Operation="CanIStopRunning" Type="Sequence" Node_id="71" >
														<Connector Identifier="GenericChildren">
															<Node Name="IsTrapLeftEnded" Operation="IsTrapLeftEnded" Type="Condition" Node_id="72" />
															<Node Name="IsGapOnLeft" Operation="IsGapOnLeft" Type="Condition" Node_id="73" />
														</Connector>
													</Node>
												</Connector>
											</Node>
											<Node Filter_Type="Non" Name="NON" Type="Filter" Node_id="74" >
												<Connector Identifier="GenericChildren">
													<Node Name="IsStuck" Operation="IsStuck" Type="Condition" Node_id="75" />
												</Connector>
											</Node>
											<Node Name="RunRightSafe" Type="Selector" Node_id="76" >
												<Connector Identifier="GenericChildren">
													<Node Name="Hole" Type="Sequence" Node_id="77" >
														<Connector Identifier="GenericChildren">
															<Node Name="HoleAhead" Operation="HoleAhead" Type="Condition" Node_id="78" />
															<Node Name="JumpRightRunLong" Type="Sequence" Node_id="79" >
																<Connector Identifier="GenericChildren">
																	<Node Name="NOP" Operation="NOP" Type="Action" Node_id="80" />
																	<Node Filter_Type="Loop" Name="Loop_Run" Times="9" Type="Filter" Node_id="81" >
																		<Connector Identifier="GenericChildren">
																			<Node Name="JumpRightRun" Operation="JumpRightRun" Type="Action" Node_id="82" />
																		</Connector>
																	</Node>
																</Connector>
															</Node>
														</Connector>
													</Node>
													<Node Name="Obstacle" Type="Sequence" Node_id="83" >
														<Connector Identifier="GenericChildren">
															<Node Name="ObstacleAhead" Operation="ObstacleAhead" Type="Condition" Node_id="84" />
															<Node Name="JumpRightRunLong" Type="Sequence" Node_id="85" >
																<Connector Identifier="GenericChildren">
																	<Node Name="NOP" Operation="NOP" Type="Action" Node_id="86" />
																	<Node Filter_Type="Loop" Name="Loop_Run" Times="9" Type="Filter" Node_id="87" >
																		<Connector Identifier="GenericChildren">
																			<Node Name="JumpRightRun" Operation="JumpRightRun" Type="Action" Node_id="88" />
																		</Connector>
																	</Node>
																</Connector>
															</Node>
														</Connector>
													</Node>
													<Node Name="jumpableEnemy" Type="Sequence" Node_id="89" >
														<Connector Identifier="GenericChildren">
															<Node Name="JumpableEnemyAhead" Operation="JumpableEnemyAhead" Type="Condition" Node_id="90" />
															<Node Name="JumpRightShort" Type="Sequence" Node_id="91" >
																<Connector Identifier="GenericChildren">
																	<Node Name="NOP" Operation="NOP" Type="Action" Node_id="92" />
																	<Node Filter_Type="Loop" Name="Loop_Run" Times="3" Type="Filter" Node_id="93" >
																		<Connector Identifier="GenericChildren">
																			<Node Name="JumpRight" Operation="JumpRight" Type="Action" Node_id="94" />
																		</Connector>
																	</Node>
																</Connector>
															</Node>
														</Connector>
													</Node>
													<Node Name="noJumpableEnemy" Type="Sequence" Node_id="95" >
														<Connector Identifier="GenericChildren">
															<Node Name="NoJumpableEnemyAhead" Operation="NoJumpableEnemyAhead" Type="Condition" Node_id="96" />
															<Node Name="JumpRightRunLong" Type="Sequence" Node_id="97" >
																<Connector Identifier="GenericChildren">
																	<Node Name="NOP" Operation="NOP" Type="Action" Node_id="98" />
																	<Node Filter_Type="Loop" Name="Loop_Run" Times="9" Type="Filter" Node_id="99" >
																		<Connector Identifier="GenericChildren">
																			<Node Name="JumpRightRun" Operation="JumpRightRun" Type="Action" Node_id="100" />
																		</Connector>
																	</Node>
																</Connector>
															</Node>
														</Connector>
													</Node>
													<Node Name="RunRight" Operation="RunRight" Type="Action" Node_id="101" />
												</Connector>
											</Node>
										</Connector>
									</Node>
									<Node Name="UseLeftGap" Type="Sequence" Node_id="102" >
										<Connector Identifier="GenericChildren">
											<Node Name="GoGapOnLeft" Operation="GoGapOnLeft" Type="Action" Node_id="103" />
											<Node Name="JumpRightLongModified" Type="Sequence" Node_id="104" >
												<Connector Identifier="GenericChildren">
													<Node Name="NOP" Operation="NOP" Type="Action" Node_id="105" />
													<Node Filter_Type="Loop" Name="Loop_Make_Jump" Times="2" Type="Filter" Node_id="106" >
														<Connector Identifier="GenericChildren">
															<Node Name="VerticalJump" Operation="VerticalJump" Type="Action" Node_id="107" />
														</Connector>
													</Node>
													<Node Filter_Type="Loop" Name="Loop_Make_Jump" Times="9" Type="Filter" Node_id="108" >
														<Connector Identifier="GenericChildren">
															<Node Name="JumpRight" Operation="JumpRight" Type="Action" Node_id="109" />
														</Connector>
													</Node>
													<Node Name="Failure" Operation="Failure" Type="Condition" Node_id="110" />
												</Connector>
											</Node>
										</Connector>
									</Node>
								</Connector>
							</Node>
						</Connector>
					</Node>
				</Connector>
			</Node>
		</Connector>
	</Node>
 <Node Type="Sequence" Name="mySequence" >
 <Connector Identifier="GenericChildren">
 	<Node Name="RunRightSafe" Type="Selector" Node_id="293" >
		<Connector Identifier="GenericChildren">
			<Node Name="Hole" Type="Sequence" Node_id="294" >
				<Connector Identifier="GenericChildren">
					<Node Name="HoleAhead" Operation="HoleAhead" Type="Condition" Node_id="295" />
					<Node Name="JumpRightRunLong" Type="Sequence" Node_id="301" >
						<Connector Identifier="GenericChildren">
							<Node Name="NOP" Operation="NOP" Type="Action" Node_id="302" />
							<Node Filter_Type="Loop" Name="Loop_Run" Times="9" Type="Filter" Node_id="303" >
								<Connector Identifier="GenericChildren">
									<Node Name="JumpRightRun" Operation="JumpRightRun" Type="Action" Node_id="304" />
								</Connector>
							</Node>
						</Connector>
					</Node>
				</Connector>
			</Node>
			<Node Name="Obstacle" Type="Sequence" Node_id="305" >
				<Connector Identifier="GenericChildren">
					<Node Name="ObstacleAhead" Operation="ObstacleAhead" Type="Condition" Node_id="306" />
					<Node Name="JumpRightRunLong" Type="Sequence" Node_id="307" >
						<Connector Identifier="GenericChildren">
							<Node Name="NOP" Operation="NOP" Type="Action" Node_id="308" />
							<Node Filter_Type="Loop" Name="Loop_Run" Times="9" Type="Filter" Node_id="309" >
								<Connector Identifier="GenericChildren">
									<Node Name="JumpRightRun" Operation="JumpRightRun" Type="Action" Node_id="310" />
								</Connector>
							</Node>
						</Connector>
					</Node>
				</Connector>
			</Node>
			<Node Name="jumpableEnemy" Type="Sequence" Node_id="311" >
				<Connector Identifier="GenericChildren">
					<Node Name="JumpableEnemyAhead" Operation="JumpableEnemyAhead" Type="Condition" Node_id="312" />
					<Node Name="JumpRightShort" Type="Sequence" Node_id="328" >
						<Connector Identifier="GenericChildren">
							<Node Name="NOP" Operation="NOP" Type="Action" Node_id="329" />
							<Node Filter_Type="Loop" Name="Loop_Run" Times="3" Type="Filter" Node_id="330" >
								<Connector Identifier="GenericChildren">
									<Node Name="JumpRight" Operation="JumpRight" Type="Action" Node_id="331" />
								</Connector>
							</Node>
						</Connector>
					</Node>
				</Connector>
			</Node>
			<Node Name="noJumpableEnemy" Type="Sequence" Node_id="317" >
				<Connector Identifier="GenericChildren">
					<Node Name="NoJumpableEnemyAhead" Operation="NoJumpableEnemyAhead" Type="Condition" Node_id="318" />
					<Node Name="JumpRightRunLong" Type="Sequence" Node_id="319" >
						<Connector Identifier="GenericChildren">
							<Node Name="NOP" Operation="NOP" Type="Action" Node_id="320" />
							<Node Filter_Type="Loop" Name="Loop_Run" Times="9" Type="Filter" Node_id="321" >
								<Connector Identifier="GenericChildren">
									<Node Name="JumpRightRun" Operation="JumpRightRun" Type="Action" Node_id="322" />
								</Connector>
							</Node>
						</Connector>
					</Node>
				</Connector>
			</Node>
			<Node Name="RunRight" Operation="RunRight" Type="Action" Node_id="332" />
		</Connector>
	</Node>
 </Connector>
</Node>
 </Connector>
</Node>
  <Node Type="Sequence" Name="defaultSequence" >
 <Connector Identifier="GenericChildren">
 	<Node Name="VerticalJumpLong" Type="Sequence" Node_id="103" >
		<Connector Identifier="GenericChildren">
			<Node Name="NOP" Operation="NOP" Type="Action" Node_id="104" />
			<Node Filter_Type="Loop" Name="Loop_Run" Times="9" Type="Filter" Node_id="105" >
				<Connector Identifier="GenericChildren">
					<Node Name="VerticalJump" Operation="VerticalJump" Type="Action" Node_id="106" />
				</Connector>
			</Node>
		</Connector>
	</Node>
 <Node Name="RunLeft" Type="Action" />
 <Node Name="RunLeft" Type="Action" />
 <Node Name="WalkRight" Type="Action" />
 	<Node Name="JumpRightRunLong" Type="Sequence" Node_id="98" >
		<Connector Identifier="GenericChildren">
			<Node Name="NOP" Operation="NOP" Type="Action" Node_id="99" />
			<Node Filter_Type="Loop" Name="Loop_Run" Times="9" Type="Filter" Node_id="100" >
				<Connector Identifier="GenericChildren">
					<Node Name="JumpRightRun" Operation="JumpRightRun" Type="Action" Node_id="101" />
				</Connector>
			</Node>
		</Connector>
	</Node>
 <Node Name="RunRight" Type="Action" />
 	<Node Name="JumpRightRunLong" Type="Sequence" Node_id="98" >
		<Connector Identifier="GenericChildren">
			<Node Name="NOP" Operation="NOP" Type="Action" Node_id="99" />
			<Node Filter_Type="Loop" Name="Loop_Run" Times="9" Type="Filter" Node_id="100" >
				<Connector Identifier="GenericChildren">
					<Node Name="JumpRightRun" Operation="JumpRightRun" Type="Action" Node_id="101" />
				</Connector>
			</Node>
		</Connector>
	</Node>
 	<Node Name="JumpRightRunLong" Type="Sequence" Node_id="98" >
		<Connector Identifier="GenericChildren">
			<Node Name="NOP" Operation="NOP" Type="Action" Node_id="99" />
			<Node Filter_Type="Loop" Name="Loop_Run" Times="9" Type="Filter" Node_id="100" >
				<Connector Identifier="GenericChildren">
					<Node Name="JumpRightRun" Operation="JumpRightRun" Type="Action" Node_id="101" />
				</Connector>
			</Node>
		</Connector>
	</Node>
 	<Node Name="JumpRightRunShort" Type="Sequence" Node_id="186" >
		<Connector Identifier="GenericChildren">
			<Node Name="NOP" Operation="NOP" Type="Action" Node_id="187" />
			<Node Filter_Type="Loop" Name="Loop_Run" Times="3" Type="Filter" Node_id="191" >
				<Connector Identifier="GenericChildren">
					<Node Name="JumpRightRun" Operation="JumpRightRun" Type="Action" Node_id="190" />
				</Connector>
			</Node>
		</Connector>
	</Node>
 	<Node Name="JumpRightRunShort" Type="Sequence" Node_id="186" >
		<Connector Identifier="GenericChildren">
			<Node Name="NOP" Operation="NOP" Type="Action" Node_id="187" />
			<Node Filter_Type="Loop" Name="Loop_Run" Times="3" Type="Filter" Node_id="191" >
				<Connector Identifier="GenericChildren">
					<Node Name="JumpRightRun" Operation="JumpRightRun" Type="Action" Node_id="190" />
				</Connector>
			</Node>
		</Connector>
	</Node>
 </Connector>
</Node>
 </Connector>
 </Node>
 </Node>
 </Behavior>

