<?xml version="1.0" encoding="utf-8"?>
 <Behavior>
 <Node Name="GE_BT3" Type="Root" >
 <Node Type="Selector" Name="rootSelector" >
 <Connector Identifier="GenericChildren">
  <Node Type="Sequence" Name="BehaviourBlock" >
 <Connector Identifier="GenericChildren">
 <Node Name="IsStuck" Type="Condition" />
 <Node Filter_Type="Until_Fails_Limited" Name="UFL" Times="10" Type="Filter" >
 <Connector Identifier="GenericChildren">
 <Node Type="Sequence" Name="mySequence" >
 <Connector Identifier="GenericChildren">
 	<Node Name="JumpLeftLong" Type="Sequence" Node_id="88" >
		<Connector Identifier="GenericChildren">
			<Node Name="NOP" Operation="NOP" Type="Action" Node_id="89" />
			<Node Filter_Type="Loop" Name="Loop_Make_Jump" Times="9" Type="Filter" Node_id="90" >
				<Connector Identifier="GenericChildren">
					<Node Name="JumpLeft" Operation="JumpLeft" Type="Action" Node_id="91" />
				</Connector>
			</Node>
		</Connector>
	</Node>
 	<Node Name="JumpLeftRunLong" Type="Sequence" Node_id="82" >
		<Connector Identifier="GenericChildren">
			<Node Name="NOP" Operation="NOP" Type="Action" Node_id="83" />
			<Node Filter_Type="Loop" Name="Loop_Run" Times="9" Type="Filter" Node_id="84" >
				<Connector Identifier="GenericChildren">
					<Node Name="JumpLeftRun" Operation="JumpLeftRun" Type="Action" Node_id="85" />
				</Connector>
			</Node>
		</Connector>
	</Node>
 </Connector>
</Node>
 </Connector>
</Node>
 </Connector>
</Node>
  <Node Type="Sequence" Name="defaultSequence" >
 <Connector Identifier="GenericChildren">
 	<Node Name="JumpRightRunLong" Type="Sequence" Node_id="98" >
		<Connector Identifier="GenericChildren">
			<Node Name="NOP" Operation="NOP" Type="Action" Node_id="99" />
			<Node Filter_Type="Loop" Name="Loop_Run" Times="9" Type="Filter" Node_id="100" >
				<Connector Identifier="GenericChildren">
					<Node Name="JumpRightRun" Operation="JumpRightRun" Type="Action" Node_id="101" />
				</Connector>
			</Node>
		</Connector>
	</Node>
 <Node Name="RunLeft" Type="Action" />
 <Node Name="RunLeft" Type="Action" />
 <Node Name="WalkRight" Type="Action" />
 <Node Name="WalkLeft" Type="Action" />
 	<Node Name="WalkRightSafe" Type="Selector" Node_id="360" >
		<Connector Identifier="GenericChildren">
			<Node Name="Hole" Type="Sequence" Node_id="361" >
				<Connector Identifier="GenericChildren">
					<Node Name="HoleAhead" Operation="HoleAhead" Type="Condition" Node_id="362" />
					<Node Name="JumpRightRunLong" Type="Sequence" Node_id="363" >
						<Connector Identifier="GenericChildren">
							<Node Name="NOP" Operation="NOP" Type="Action" Node_id="364" />
							<Node Filter_Type="Loop" Name="Loop_Run" Times="9" Type="Filter" Node_id="365" >
								<Connector Identifier="GenericChildren">
									<Node Name="JumpRightRun" Operation="JumpRightRun" Type="Action" Node_id="366" />
								</Connector>
							</Node>
						</Connector>
					</Node>
				</Connector>
			</Node>
			<Node Name="Obstacle" Type="Sequence" Node_id="367" >
				<Connector Identifier="GenericChildren">
					<Node Name="ObstacleAhead" Operation="ObstacleAhead" Type="Condition" Node_id="368" />
					<Node Name="JumpRightRunLong" Type="Sequence" Node_id="369" >
						<Connector Identifier="GenericChildren">
							<Node Name="NOP" Operation="NOP" Type="Action" Node_id="370" />
							<Node Filter_Type="Loop" Name="Loop_Run" Times="9" Type="Filter" Node_id="371" >
								<Connector Identifier="GenericChildren">
									<Node Name="JumpRightRun" Operation="JumpRightRun" Type="Action" Node_id="372" />
								</Connector>
							</Node>
						</Connector>
					</Node>
				</Connector>
			</Node>
			<Node Name="jumpableEnemy" Type="Sequence" Node_id="373" >
				<Connector Identifier="GenericChildren">
					<Node Name="JumpableEnemyAhead" Operation="JumpableEnemyAhead" Type="Condition" Node_id="374" />
					<Node Name="JumpRightShort" Type="Sequence" Node_id="375" >
						<Connector Identifier="GenericChildren">
							<Node Name="NOP" Operation="NOP" Type="Action" Node_id="376" />
							<Node Filter_Type="Loop" Name="Loop_Run" Times="3" Type="Filter" Node_id="377" >
								<Connector Identifier="GenericChildren">
									<Node Name="JumpRight" Operation="JumpRight" Type="Action" Node_id="378" />
								</Connector>
							</Node>
						</Connector>
					</Node>
				</Connector>
			</Node>
			<Node Name="noJumpableEnemy" Type="Sequence" Node_id="379" >
				<Connector Identifier="GenericChildren">
					<Node Name="NoJumpableEnemyAhead" Operation="NoJumpableEnemyAhead" Type="Condition" Node_id="380" />
					<Node Name="JumpRightRunLong" Type="Sequence" Node_id="381" >
						<Connector Identifier="GenericChildren">
							<Node Name="NOP" Operation="NOP" Type="Action" Node_id="382" />
							<Node Filter_Type="Loop" Name="Loop_Run" Times="9" Type="Filter" Node_id="383" >
								<Connector Identifier="GenericChildren">
									<Node Name="JumpRightRun" Operation="JumpRightRun" Type="Action" Node_id="384" />
								</Connector>
							</Node>
						</Connector>
					</Node>
				</Connector>
			</Node>
			<Node Name="WalkRight" Operation="WalkRight" Type="Action" Node_id="385" />
		</Connector>
	</Node>
 	<Node Name="WalkRightSafe" Type="Selector" Node_id="360" >
		<Connector Identifier="GenericChildren">
			<Node Name="Hole" Type="Sequence" Node_id="361" >
				<Connector Identifier="GenericChildren">
					<Node Name="HoleAhead" Operation="HoleAhead" Type="Condition" Node_id="362" />
					<Node Name="JumpRightRunLong" Type="Sequence" Node_id="363" >
						<Connector Identifier="GenericChildren">
							<Node Name="NOP" Operation="NOP" Type="Action" Node_id="364" />
							<Node Filter_Type="Loop" Name="Loop_Run" Times="9" Type="Filter" Node_id="365" >
								<Connector Identifier="GenericChildren">
									<Node Name="JumpRightRun" Operation="JumpRightRun" Type="Action" Node_id="366" />
								</Connector>
							</Node>
						</Connector>
					</Node>
				</Connector>
			</Node>
			<Node Name="Obstacle" Type="Sequence" Node_id="367" >
				<Connector Identifier="GenericChildren">
					<Node Name="ObstacleAhead" Operation="ObstacleAhead" Type="Condition" Node_id="368" />
					<Node Name="JumpRightRunLong" Type="Sequence" Node_id="369" >
						<Connector Identifier="GenericChildren">
							<Node Name="NOP" Operation="NOP" Type="Action" Node_id="370" />
							<Node Filter_Type="Loop" Name="Loop_Run" Times="9" Type="Filter" Node_id="371" >
								<Connector Identifier="GenericChildren">
									<Node Name="JumpRightRun" Operation="JumpRightRun" Type="Action" Node_id="372" />
								</Connector>
							</Node>
						</Connector>
					</Node>
				</Connector>
			</Node>
			<Node Name="jumpableEnemy" Type="Sequence" Node_id="373" >
				<Connector Identifier="GenericChildren">
					<Node Name="JumpableEnemyAhead" Operation="JumpableEnemyAhead" Type="Condition" Node_id="374" />
					<Node Name="JumpRightShort" Type="Sequence" Node_id="375" >
						<Connector Identifier="GenericChildren">
							<Node Name="NOP" Operation="NOP" Type="Action" Node_id="376" />
							<Node Filter_Type="Loop" Name="Loop_Run" Times="3" Type="Filter" Node_id="377" >
								<Connector Identifier="GenericChildren">
									<Node Name="JumpRight" Operation="JumpRight" Type="Action" Node_id="378" />
								</Connector>
							</Node>
						</Connector>
					</Node>
				</Connector>
			</Node>
			<Node Name="noJumpableEnemy" Type="Sequence" Node_id="379" >
				<Connector Identifier="GenericChildren">
					<Node Name="NoJumpableEnemyAhead" Operation="NoJumpableEnemyAhead" Type="Condition" Node_id="380" />
					<Node Name="JumpRightRunLong" Type="Sequence" Node_id="381" >
						<Connector Identifier="GenericChildren">
							<Node Name="NOP" Operation="NOP" Type="Action" Node_id="382" />
							<Node Filter_Type="Loop" Name="Loop_Run" Times="9" Type="Filter" Node_id="383" >
								<Connector Identifier="GenericChildren">
									<Node Name="JumpRightRun" Operation="JumpRightRun" Type="Action" Node_id="384" />
								</Connector>
							</Node>
						</Connector>
					</Node>
				</Connector>
			</Node>
			<Node Name="WalkRight" Operation="WalkRight" Type="Action" Node_id="385" />
		</Connector>
	</Node>
 	<Node Name="WalkRightSafe" Type="Selector" Node_id="360" >
		<Connector Identifier="GenericChildren">
			<Node Name="Hole" Type="Sequence" Node_id="361" >
				<Connector Identifier="GenericChildren">
					<Node Name="HoleAhead" Operation="HoleAhead" Type="Condition" Node_id="362" />
					<Node Name="JumpRightRunLong" Type="Sequence" Node_id="363" >
						<Connector Identifier="GenericChildren">
							<Node Name="NOP" Operation="NOP" Type="Action" Node_id="364" />
							<Node Filter_Type="Loop" Name="Loop_Run" Times="9" Type="Filter" Node_id="365" >
								<Connector Identifier="GenericChildren">
									<Node Name="JumpRightRun" Operation="JumpRightRun" Type="Action" Node_id="366" />
								</Connector>
							</Node>
						</Connector>
					</Node>
				</Connector>
			</Node>
			<Node Name="Obstacle" Type="Sequence" Node_id="367" >
				<Connector Identifier="GenericChildren">
					<Node Name="ObstacleAhead" Operation="ObstacleAhead" Type="Condition" Node_id="368" />
					<Node Name="JumpRightRunLong" Type="Sequence" Node_id="369" >
						<Connector Identifier="GenericChildren">
							<Node Name="NOP" Operation="NOP" Type="Action" Node_id="370" />
							<Node Filter_Type="Loop" Name="Loop_Run" Times="9" Type="Filter" Node_id="371" >
								<Connector Identifier="GenericChildren">
									<Node Name="JumpRightRun" Operation="JumpRightRun" Type="Action" Node_id="372" />
								</Connector>
							</Node>
						</Connector>
					</Node>
				</Connector>
			</Node>
			<Node Name="jumpableEnemy" Type="Sequence" Node_id="373" >
				<Connector Identifier="GenericChildren">
					<Node Name="JumpableEnemyAhead" Operation="JumpableEnemyAhead" Type="Condition" Node_id="374" />
					<Node Name="JumpRightShort" Type="Sequence" Node_id="375" >
						<Connector Identifier="GenericChildren">
							<Node Name="NOP" Operation="NOP" Type="Action" Node_id="376" />
							<Node Filter_Type="Loop" Name="Loop_Run" Times="3" Type="Filter" Node_id="377" >
								<Connector Identifier="GenericChildren">
									<Node Name="JumpRight" Operation="JumpRight" Type="Action" Node_id="378" />
								</Connector>
							</Node>
						</Connector>
					</Node>
				</Connector>
			</Node>
			<Node Name="noJumpableEnemy" Type="Sequence" Node_id="379" >
				<Connector Identifier="GenericChildren">
					<Node Name="NoJumpableEnemyAhead" Operation="NoJumpableEnemyAhead" Type="Condition" Node_id="380" />
					<Node Name="JumpRightRunLong" Type="Sequence" Node_id="381" >
						<Connector Identifier="GenericChildren">
							<Node Name="NOP" Operation="NOP" Type="Action" Node_id="382" />
							<Node Filter_Type="Loop" Name="Loop_Run" Times="9" Type="Filter" Node_id="383" >
								<Connector Identifier="GenericChildren">
									<Node Name="JumpRightRun" Operation="JumpRightRun" Type="Action" Node_id="384" />
								</Connector>
							</Node>
						</Connector>
					</Node>
				</Connector>
			</Node>
			<Node Name="WalkRight" Operation="WalkRight" Type="Action" Node_id="385" />
		</Connector>
	</Node>
 <Node Name="WalkLeft" Type="Action" />
 	<Node Name="GoUnderRight" Type="Sequence" Node_id="659" >
		<Connector Identifier="GenericChildren">
			<Node Name="IsStuck" Operation="IsStuck" Type="Condition" Node_id="722" />
			<Node Name="ObstacleHead" Operation="ObstacleHead" Type="Condition" Node_id="723" />
			<Node Name="NOP" Operation="NOP" Type="Action" Node_id="660" />
			<Node Filter_Type="Loop" Name="Loop_GoingBack" Times="10" Type="Filter" Node_id="661" >
				<Connector Identifier="GenericChildren">
					<Node Name="RunSequence" Type="Sequence" Node_id="662" >
						<Connector Identifier="GenericChildren">
							<Node Name="RunLeftSafe" Type="Selector" Node_id="663" >
								<Connector Identifier="GenericChildren">
									<Node Name="Hole" Type="Sequence" Node_id="664" >
										<Connector Identifier="GenericChildren">
											<Node Name="HoleBack" Operation="HoleBack" Type="Condition" Node_id="665" />
											<Node Name="JumpLeftRunLong" Type="Sequence" Node_id="666" >
												<Connector Identifier="GenericChildren">
													<Node Name="NOP" Operation="NOP" Type="Action" Node_id="667" />
													<Node Filter_Type="Loop" Name="Loop_Run" Times="9" Type="Filter" Node_id="668" >
														<Connector Identifier="GenericChildren">
															<Node Name="JumpLeftRun" Operation="JumpLeftRun" Type="Action" Node_id="669" />
														</Connector>
													</Node>
												</Connector>
											</Node>
										</Connector>
									</Node>
									<Node Name="Obstacle" Type="Sequence" Node_id="670" >
										<Connector Identifier="GenericChildren">
											<Node Name="ObstacleBack" Operation="ObstacleBack" Type="Condition" Node_id="671" />
											<Node Name="JumpLeftRunLong" Type="Sequence" Node_id="672" >
												<Connector Identifier="GenericChildren">
													<Node Name="NOP" Operation="NOP" Type="Action" Node_id="673" />
													<Node Filter_Type="Loop" Name="Loop_Run" Times="9" Type="Filter" Node_id="674" >
														<Connector Identifier="GenericChildren">
															<Node Name="JumpLeftRun" Operation="JumpLeftRun" Type="Action" Node_id="675" />
														</Connector>
													</Node>
												</Connector>
											</Node>
										</Connector>
									</Node>
									<Node Name="jumpableEnemy" Type="Sequence" Node_id="676" >
										<Connector Identifier="GenericChildren">
											<Node Name="JumpableEnemyBack" Operation="JumpableEnemyBack" Type="Condition" Node_id="677" />
											<Node Name="JumpLeftShort" Type="Sequence" Node_id="678" >
												<Connector Identifier="GenericChildren">
													<Node Name="NOP" Operation="NOP" Type="Action" Node_id="679" />
													<Node Filter_Type="Loop" Name="Loop_Run" Times="3" Type="Filter" Node_id="680" >
														<Connector Identifier="GenericChildren">
															<Node Name="JumpLeft" Operation="JumpLeft" Type="Action" Node_id="681" />
														</Connector>
													</Node>
												</Connector>
											</Node>
										</Connector>
									</Node>
									<Node Name="noJumpableEnemy" Type="Sequence" Node_id="682" >
										<Connector Identifier="GenericChildren">
											<Node Name="NoJumpableEnemyBack" Operation="NoJumpableEnemyBack" Type="Condition" Node_id="683" />
											<Node Name="JumpLeftRunLong" Type="Sequence" Node_id="684" >
												<Connector Identifier="GenericChildren">
													<Node Name="NOP" Operation="NOP" Type="Action" Node_id="685" />
													<Node Filter_Type="Loop" Name="Loop_Run" Times="9" Type="Filter" Node_id="686" >
														<Connector Identifier="GenericChildren">
															<Node Name="JumpLeftRun" Operation="JumpLeftRun" Type="Action" Node_id="687" />
														</Connector>
													</Node>
												</Connector>
											</Node>
										</Connector>
									</Node>
									<Node Name="RunLeft" Operation="RunLeft" Type="Action" Node_id="688" />
								</Connector>
							</Node>
						</Connector>
					</Node>
				</Connector>
			</Node>
			<Node Filter_Type="Non" Name="Loop_GoingForward" Type="Filter" Node_id="689" >
				<Connector Identifier="GenericChildren">
					<Node Filter_Type="Until_Fails_Limited" Name="UFL" Times="50" Type="Filter" Node_id="690" >
						<Connector Identifier="GenericChildren">
							<Node Name="GoingForward" Type="Sequence" Node_id="691" >
								<Connector Identifier="GenericChildren">
									<Node Filter_Type="Non" Name="Non" Type="Filter" Node_id="692" >
										<Connector Identifier="GenericChildren">
											<Node Name="ObstacleHead" Operation="ObstacleHead" Type="Condition" Node_id="693" />
										</Connector>
									</Node>
									<Node Name="RunRightSafe" Type="Selector" Node_id="694" >
										<Connector Identifier="GenericChildren">
											<Node Name="Hole" Type="Sequence" Node_id="695" >
												<Connector Identifier="GenericChildren">
													<Node Name="HoleAhead" Operation="HoleAhead" Type="Condition" Node_id="696" />
													<Node Name="JumpRightRunLong" Type="Sequence" Node_id="697" >
														<Connector Identifier="GenericChildren">
															<Node Name="NOP" Operation="NOP" Type="Action" Node_id="698" />
															<Node Filter_Type="Loop" Name="Loop_Run" Times="9" Type="Filter" Node_id="699" >
																<Connector Identifier="GenericChildren">
																	<Node Name="JumpRightRun" Operation="JumpRightRun" Type="Action" Node_id="700" />
																</Connector>
															</Node>
														</Connector>
													</Node>
												</Connector>
											</Node>
											<Node Name="Obstacle" Type="Sequence" Node_id="701" >
												<Connector Identifier="GenericChildren">
													<Node Name="ObstacleAhead" Operation="ObstacleAhead" Type="Condition" Node_id="702" />
													<Node Name="JumpRightRunLong" Type="Sequence" Node_id="703" >
														<Connector Identifier="GenericChildren">
															<Node Name="NOP" Operation="NOP" Type="Action" Node_id="704" />
															<Node Filter_Type="Loop" Name="Loop_Run" Times="9" Type="Filter" Node_id="705" >
																<Connector Identifier="GenericChildren">
																	<Node Name="JumpRightRun" Operation="JumpRightRun" Type="Action" Node_id="706" />
																</Connector>
															</Node>
														</Connector>
													</Node>
												</Connector>
											</Node>
											<Node Name="jumpableEnemy" Type="Sequence" Node_id="707" >
												<Connector Identifier="GenericChildren">
													<Node Name="JumpableEnemyAhead" Operation="JumpableEnemyAhead" Type="Condition" Node_id="708" />
													<Node Name="JumpRightShort" Type="Sequence" Node_id="709" >
														<Connector Identifier="GenericChildren">
															<Node Name="NOP" Operation="NOP" Type="Action" Node_id="710" />
															<Node Filter_Type="Loop" Name="Loop_Run" Times="3" Type="Filter" Node_id="711" >
																<Connector Identifier="GenericChildren">
																	<Node Name="JumpRight" Operation="JumpRight" Type="Action" Node_id="712" />
																</Connector>
															</Node>
														</Connector>
													</Node>
												</Connector>
											</Node>
											<Node Name="noJumpableEnemy" Type="Sequence" Node_id="713" >
												<Connector Identifier="GenericChildren">
													<Node Name="NoJumpableEnemyAhead" Operation="NoJumpableEnemyAhead" Type="Condition" Node_id="714" />
													<Node Name="JumpRightRunLong" Type="Sequence" Node_id="715" >
														<Connector Identifier="GenericChildren">
															<Node Name="NOP" Operation="NOP" Type="Action" Node_id="716" />
															<Node Filter_Type="Loop" Name="Loop_Run" Times="9" Type="Filter" Node_id="717" >
																<Connector Identifier="GenericChildren">
																	<Node Name="JumpRightRun" Operation="JumpRightRun" Type="Action" Node_id="718" />
																</Connector>
															</Node>
														</Connector>
													</Node>
												</Connector>
											</Node>
											<Node Name="RunRight" Operation="RunRight" Type="Action" Node_id="719" />
										</Connector>
									</Node>
								</Connector>
							</Node>
						</Connector>
					</Node>
				</Connector>
			</Node>
			<Node Filter_Type="Loop" Name="Loop_GoingUnder" Times="5" Type="Filter" Node_id="720" >
				<Connector Identifier="GenericChildren">
					<Node Name="Down" Operation="Down" Type="Action" Node_id="721" />
				</Connector>
			</Node>
		</Connector>
	</Node>
 <Node Name="RunRight" Type="Action" />
 </Connector>
</Node>
 </Connector>
 </Node>
 </Node>
 </Behavior>

