<?xml version="1.0" encoding="utf-8"?>
 <Behavior>
 <Node Name="GE_BT3" Type="Root" >
 <Node Type="Selector" Name="rootSelector" >
 <Connector Identifier="GenericChildren">
  <Node Type="Sequence" Name="BehaviourBlock" >
 <Connector Identifier="GenericChildren">
 <Node Name="IsBreakableUp" Type="Condition" />
 <Node Name="JumpableEnemyBack" Type="Condition" />
 <Node Type="Sequence" Name="mySequence" >
 <Connector Identifier="GenericChildren">
 	<Node Name="JumpLeftRunShort" Type="Sequence" Node_id="138" >
		<Connector Identifier="GenericChildren">
			<Node Name="NOP" Operation="NOP" Type="Action" Node_id="139" />
			<Node Filter_Type="Loop" Name="Loop_Run" Times="3" Type="Filter" Node_id="143" >
				<Connector Identifier="GenericChildren">
					<Node Name="JumpLeftRun" Operation="JumpLeftRun" Type="Action" Node_id="144" />
				</Connector>
			</Node>
		</Connector>
	</Node>
 </Connector>
</Node>
 </Connector>
</Node>
  <Node Type="Sequence" Name="defaultSequence" >
 <Connector Identifier="GenericChildren">
 	<Node Name="VerticalJumpLong" Type="Sequence" Node_id="103" >
		<Connector Identifier="GenericChildren">
			<Node Name="NOP" Operation="NOP" Type="Action" Node_id="104" />
			<Node Filter_Type="Loop" Name="Loop_Run" Times="9" Type="Filter" Node_id="105" >
				<Connector Identifier="GenericChildren">
					<Node Name="VerticalJump" Operation="VerticalJump" Type="Action" Node_id="106" />
				</Connector>
			</Node>
		</Connector>
	</Node>
 	<Node Name="JumpRightLong" Type="Sequence" Node_id="93" >
		<Connector Identifier="GenericChildren">
			<Node Name="NOP" Operation="NOP" Type="Action" Node_id="94" />
			<Node Filter_Type="Loop" Name="Loop_Make_Jump" Times="9" Type="Filter" Node_id="95" >
				<Connector Identifier="GenericChildren">
					<Node Name="JumpRight" Operation="JumpRight" Type="Action" Node_id="96" />
				</Connector>
			</Node>
		</Connector>
	</Node>
 <Node Name="WalkRight" Type="Action" />
 	<Node Name="JumpRightRunLong" Type="Sequence" Node_id="98" >
		<Connector Identifier="GenericChildren">
			<Node Name="NOP" Operation="NOP" Type="Action" Node_id="99" />
			<Node Filter_Type="Loop" Name="Loop_Run" Times="9" Type="Filter" Node_id="100" >
				<Connector Identifier="GenericChildren">
					<Node Name="JumpRightRun" Operation="JumpRightRun" Type="Action" Node_id="101" />
				</Connector>
			</Node>
		</Connector>
	</Node>
 	<Node Name="WalkLeftSafe" Type="Selector" Node_id="251" >
		<Connector Identifier="GenericChildren">
			<Node Name="Hole" Type="Sequence" Node_id="252" >
				<Connector Identifier="GenericChildren">
					<Node Name="HoleBack" Operation="HoleBack" Type="Condition" Node_id="253" />
					<Node Name="JumpLeftRunLong" Type="Sequence" Node_id="282" >
						<Connector Identifier="GenericChildren">
							<Node Name="NOP" Operation="NOP" Type="Action" Node_id="283" />
							<Node Filter_Type="Loop" Name="Loop_Run" Times="9" Type="Filter" Node_id="284" >
								<Connector Identifier="GenericChildren">
									<Node Name="JumpLeftRun" Operation="JumpLeftRun" Type="Action" Node_id="285" />
								</Connector>
							</Node>
						</Connector>
					</Node>
				</Connector>
			</Node>
			<Node Name="Obstacle" Type="Sequence" Node_id="258" >
				<Connector Identifier="GenericChildren">
					<Node Name="ObstacleBack" Operation="ObstacleBack" Type="Condition" Node_id="259" />
					<Node Name="JumpLeftRunLong" Type="Sequence" Node_id="286" >
						<Connector Identifier="GenericChildren">
							<Node Name="NOP" Operation="NOP" Type="Action" Node_id="287" />
							<Node Filter_Type="Loop" Name="Loop_Run" Times="9" Type="Filter" Node_id="288" >
								<Connector Identifier="GenericChildren">
									<Node Name="JumpLeftRun" Operation="JumpLeftRun" Type="Action" Node_id="289" />
								</Connector>
							</Node>
						</Connector>
					</Node>
				</Connector>
			</Node>
			<Node Name="jumpableEnemy" Type="Sequence" Node_id="264" >
				<Connector Identifier="GenericChildren">
					<Node Name="JumpableEnemyBack" Operation="JumpableEnemyBack" Type="Condition" Node_id="265" />
					<Node Name="JumpLeftShort" Type="Sequence" Node_id="299" >
						<Connector Identifier="GenericChildren">
							<Node Name="NOP" Operation="NOP" Type="Action" Node_id="300" />
							<Node Filter_Type="Loop" Name="Loop_Run" Times="3" Type="Filter" Node_id="301" >
								<Connector Identifier="GenericChildren">
									<Node Name="JumpLeft" Operation="JumpLeft" Type="Action" Node_id="302" />
								</Connector>
							</Node>
						</Connector>
					</Node>
				</Connector>
			</Node>
			<Node Name="noJumpableEnemy" Type="Sequence" Node_id="270" >
				<Connector Identifier="GenericChildren">
					<Node Name="NoJumpableEnemyBack" Operation="NoJumpableEnemyBack" Type="Condition" Node_id="271" />
					<Node Name="JumpLeftRunLong" Type="Sequence" Node_id="290" >
						<Connector Identifier="GenericChildren">
							<Node Name="NOP" Operation="NOP" Type="Action" Node_id="291" />
							<Node Filter_Type="Loop" Name="Loop_Run" Times="9" Type="Filter" Node_id="292" >
								<Connector Identifier="GenericChildren">
									<Node Name="JumpLeftRun" Operation="JumpLeftRun" Type="Action" Node_id="293" />
								</Connector>
							</Node>
						</Connector>
					</Node>
				</Connector>
			</Node>
			<Node Name="WalkLeft" Operation="WalkLeft" Type="Action" Node_id="276" />
		</Connector>
	</Node>
 </Connector>
</Node>
 </Connector>
 </Node>
 </Node>
 </Behavior>

