<?xml version="1.0" encoding="utf-8"?>
 <Behavior>
 <Node Name="GE_BT3" Type="Root" >
 <Node Type="Selector" Name="rootSelector" >
 <Connector Identifier="GenericChildren">
  <Node Type="Sequence" Name="BehaviourBlock" >
 <Connector Identifier="GenericChildren">
 <Node Name="IsStuck" Type="Condition" />
 <Node Filter_Type="Loop" Name="loop" Times="9" Type="Filter" >
 <Connector Identifier="GenericChildren">
 <Node Type="Sequence" Name="mySequence" >
 <Connector Identifier="GenericChildren">
 	<Node Name="JumpLeftLong" Type="Sequence" Node_id="88" >
		<Connector Identifier="GenericChildren">
			<Node Name="NOP" Operation="NOP" Type="Action" Node_id="89" />
			<Node Filter_Type="Loop" Name="Loop_Make_Jump" Times="9" Type="Filter" Node_id="90" >
				<Connector Identifier="GenericChildren">
					<Node Name="JumpLeft" Operation="JumpLeft" Type="Action" Node_id="91" />
				</Connector>
			</Node>
		</Connector>
	</Node>
 <Node Name="WalkLeft" Type="Action" />
 </Connector>
</Node>
 </Connector>
</Node>
 </Connector>
</Node>
  <Node Type="Sequence" Name="defaultSequence" >
 <Connector Identifier="GenericChildren">
 	<Node Name="JumpRightRunLong" Type="Sequence" Node_id="98" >
		<Connector Identifier="GenericChildren">
			<Node Name="NOP" Operation="NOP" Type="Action" Node_id="99" />
			<Node Filter_Type="Loop" Name="Loop_Run" Times="9" Type="Filter" Node_id="100" >
				<Connector Identifier="GenericChildren">
					<Node Name="JumpRightRun" Operation="JumpRightRun" Type="Action" Node_id="101" />
				</Connector>
			</Node>
		</Connector>
	</Node>
 	<Node Name="UseRightGap" Type="Sequence" Node_id="66" >
		<Connector Identifier="GenericChildren">
			<Node Name="GoGapOnRight" Operation="GoGapOnRight" Type="Action" Node_id="67" />
			<Node Name="JumpRightLongModified" Type="Sequence" Node_id="68" >
				<Connector Identifier="GenericChildren">
					<Node Name="NOP" Operation="NOP" Type="Action" Node_id="69" />
					<Node Filter_Type="Loop" Name="Loop_Make_Jump" Times="2" Type="Filter" Node_id="70" >
						<Connector Identifier="GenericChildren">
							<Node Name="VerticalJump" Operation="VerticalJump" Type="Action" Node_id="71" />
						</Connector>
					</Node>
					<Node Filter_Type="Loop" Name="Loop_Make_Jump" Times="9" Type="Filter" Node_id="72" >
						<Connector Identifier="GenericChildren">
							<Node Name="JumpRight" Operation="JumpRight" Type="Action" Node_id="73" />
						</Connector>
					</Node>
				</Connector>
			</Node>
		</Connector>
	</Node>
 	<Node Name="GoUnderRight" Type="Sequence" Node_id="659" >
		<Connector Identifier="GenericChildren">
			<Node Name="IsStuck" Operation="IsStuck" Type="Condition" Node_id="722" />
			<Node Name="ObstacleHead" Operation="ObstacleHead" Type="Condition" Node_id="723" />
			<Node Name="NOP" Operation="NOP" Type="Action" Node_id="660" />
			<Node Filter_Type="Loop" Name="Loop_GoingBack" Times="10" Type="Filter" Node_id="661" >
				<Connector Identifier="GenericChildren">
					<Node Name="RunSequence" Type="Sequence" Node_id="662" >
						<Connector Identifier="GenericChildren">
							<Node Name="RunLeftSafe" Type="Selector" Node_id="663" >
								<Connector Identifier="GenericChildren">
									<Node Name="Hole" Type="Sequence" Node_id="664" >
										<Connector Identifier="GenericChildren">
											<Node Name="HoleBack" Operation="HoleBack" Type="Condition" Node_id="665" />
											<Node Name="JumpLeftRunLong" Type="Sequence" Node_id="666" >
												<Connector Identifier="GenericChildren">
													<Node Name="NOP" Operation="NOP" Type="Action" Node_id="667" />
													<Node Filter_Type="Loop" Name="Loop_Run" Times="9" Type="Filter" Node_id="668" >
														<Connector Identifier="GenericChildren">
															<Node Name="JumpLeftRun" Operation="JumpLeftRun" Type="Action" Node_id="669" />
														</Connector>
													</Node>
												</Connector>
											</Node>
										</Connector>
									</Node>
									<Node Name="Obstacle" Type="Sequence" Node_id="670" >
										<Connector Identifier="GenericChildren">
											<Node Name="ObstacleBack" Operation="ObstacleBack" Type="Condition" Node_id="671" />
											<Node Name="JumpLeftRunLong" Type="Sequence" Node_id="672" >
												<Connector Identifier="GenericChildren">
													<Node Name="NOP" Operation="NOP" Type="Action" Node_id="673" />
													<Node Filter_Type="Loop" Name="Loop_Run" Times="9" Type="Filter" Node_id="674" >
														<Connector Identifier="GenericChildren">
															<Node Name="JumpLeftRun" Operation="JumpLeftRun" Type="Action" Node_id="675" />
														</Connector>
													</Node>
												</Connector>
											</Node>
										</Connector>
									</Node>
									<Node Name="jumpableEnemy" Type="Sequence" Node_id="676" >
										<Connector Identifier="GenericChildren">
											<Node Name="JumpableEnemyBack" Operation="JumpableEnemyBack" Type="Condition" Node_id="677" />
											<Node Name="JumpLeftShort" Type="Sequence" Node_id="678" >
												<Connector Identifier="GenericChildren">
													<Node Name="NOP" Operation="NOP" Type="Action" Node_id="679" />
													<Node Filter_Type="Loop" Name="Loop_Run" Times="3" Type="Filter" Node_id="680" >
														<Connector Identifier="GenericChildren">
															<Node Name="JumpLeft" Operation="JumpLeft" Type="Action" Node_id="681" />
														</Connector>
													</Node>
												</Connector>
											</Node>
										</Connector>
									</Node>
									<Node Name="noJumpableEnemy" Type="Sequence" Node_id="682" >
										<Connector Identifier="GenericChildren">
											<Node Name="NoJumpableEnemyBack" Operation="NoJumpableEnemyBack" Type="Condition" Node_id="683" />
											<Node Name="JumpLeftRunLong" Type="Sequence" Node_id="684" >
												<Connector Identifier="GenericChildren">
													<Node Name="NOP" Operation="NOP" Type="Action" Node_id="685" />
													<Node Filter_Type="Loop" Name="Loop_Run" Times="9" Type="Filter" Node_id="686" >
														<Connector Identifier="GenericChildren">
															<Node Name="JumpLeftRun" Operation="JumpLeftRun" Type="Action" Node_id="687" />
														</Connector>
													</Node>
												</Connector>
											</Node>
										</Connector>
									</Node>
									<Node Name="RunLeft" Operation="RunLeft" Type="Action" Node_id="688" />
								</Connector>
							</Node>
						</Connector>
					</Node>
				</Connector>
			</Node>
			<Node Filter_Type="Non" Name="Loop_GoingForward" Type="Filter" Node_id="689" >
				<Connector Identifier="GenericChildren">
					<Node Filter_Type="Until_Fails_Limited" Name="UFL" Times="50" Type="Filter" Node_id="690" >
						<Connector Identifier="GenericChildren">
							<Node Name="GoingForward" Type="Sequence" Node_id="691" >
								<Connector Identifier="GenericChildren">
									<Node Filter_Type="Non" Name="Non" Type="Filter" Node_id="692" >
										<Connector Identifier="GenericChildren">
											<Node Name="ObstacleHead" Operation="ObstacleHead" Type="Condition" Node_id="693" />
										</Connector>
									</Node>
									<Node Name="RunRightSafe" Type="Selector" Node_id="694" >
										<Connector Identifier="GenericChildren">
											<Node Name="Hole" Type="Sequence" Node_id="695" >
												<Connector Identifier="GenericChildren">
													<Node Name="HoleAhead" Operation="HoleAhead" Type="Condition" Node_id="696" />
													<Node Name="JumpRightRunLong" Type="Sequence" Node_id="697" >
														<Connector Identifier="GenericChildren">
															<Node Name="NOP" Operation="NOP" Type="Action" Node_id="698" />
															<Node Filter_Type="Loop" Name="Loop_Run" Times="9" Type="Filter" Node_id="699" >
																<Connector Identifier="GenericChildren">
																	<Node Name="JumpRightRun" Operation="JumpRightRun" Type="Action" Node_id="700" />
																</Connector>
															</Node>
														</Connector>
													</Node>
												</Connector>
											</Node>
											<Node Name="Obstacle" Type="Sequence" Node_id="701" >
												<Connector Identifier="GenericChildren">
													<Node Name="ObstacleAhead" Operation="ObstacleAhead" Type="Condition" Node_id="702" />
													<Node Name="JumpRightRunLong" Type="Sequence" Node_id="703" >
														<Connector Identifier="GenericChildren">
															<Node Name="NOP" Operation="NOP" Type="Action" Node_id="704" />
															<Node Filter_Type="Loop" Name="Loop_Run" Times="9" Type="Filter" Node_id="705" >
																<Connector Identifier="GenericChildren">
																	<Node Name="JumpRightRun" Operation="JumpRightRun" Type="Action" Node_id="706" />
																</Connector>
															</Node>
														</Connector>
													</Node>
												</Connector>
											</Node>
											<Node Name="jumpableEnemy" Type="Sequence" Node_id="707" >
												<Connector Identifier="GenericChildren">
													<Node Name="JumpableEnemyAhead" Operation="JumpableEnemyAhead" Type="Condition" Node_id="708" />
													<Node Name="JumpRightShort" Type="Sequence" Node_id="709" >
														<Connector Identifier="GenericChildren">
															<Node Name="NOP" Operation="NOP" Type="Action" Node_id="710" />
															<Node Filter_Type="Loop" Name="Loop_Run" Times="3" Type="Filter" Node_id="711" >
																<Connector Identifier="GenericChildren">
																	<Node Name="JumpRight" Operation="JumpRight" Type="Action" Node_id="712" />
																</Connector>
															</Node>
														</Connector>
													</Node>
												</Connector>
											</Node>
											<Node Name="noJumpableEnemy" Type="Sequence" Node_id="713" >
												<Connector Identifier="GenericChildren">
													<Node Name="NoJumpableEnemyAhead" Operation="NoJumpableEnemyAhead" Type="Condition" Node_id="714" />
													<Node Name="JumpRightRunLong" Type="Sequence" Node_id="715" >
														<Connector Identifier="GenericChildren">
															<Node Name="NOP" Operation="NOP" Type="Action" Node_id="716" />
															<Node Filter_Type="Loop" Name="Loop_Run" Times="9" Type="Filter" Node_id="717" >
																<Connector Identifier="GenericChildren">
																	<Node Name="JumpRightRun" Operation="JumpRightRun" Type="Action" Node_id="718" />
																</Connector>
															</Node>
														</Connector>
													</Node>
												</Connector>
											</Node>
											<Node Name="RunRight" Operation="RunRight" Type="Action" Node_id="719" />
										</Connector>
									</Node>
								</Connector>
							</Node>
						</Connector>
					</Node>
				</Connector>
			</Node>
			<Node Filter_Type="Loop" Name="Loop_GoingUnder" Times="5" Type="Filter" Node_id="720" >
				<Connector Identifier="GenericChildren">
					<Node Name="Down" Operation="Down" Type="Action" Node_id="721" />
				</Connector>
			</Node>
		</Connector>
	</Node>
 	<Node Name="GoUnderLeft" Type="Sequence" Node_id="593" >
		<Connector Identifier="GenericChildren">
			<Node Name="IsStuck" Operation="IsStuck" Type="Condition" Node_id="656" />
			<Node Name="ObstacleHead" Operation="ObstacleHead" Type="Condition" Node_id="657" />
			<Node Name="NOP" Operation="NOP" Type="Action" Node_id="594" />
			<Node Filter_Type="Loop" Name="Loop_GoingBack" Times="10" Type="Filter" Node_id="595" >
				<Connector Identifier="GenericChildren">
					<Node Name="RunSequence" Type="Sequence" Node_id="596" >
						<Connector Identifier="GenericChildren">
							<Node Name="RunRightSafe" Type="Selector" Node_id="597" >
								<Connector Identifier="GenericChildren">
									<Node Name="Hole" Type="Sequence" Node_id="598" >
										<Connector Identifier="GenericChildren">
											<Node Name="HoleAhead" Operation="HoleAhead" Type="Condition" Node_id="599" />
											<Node Name="JumpRightRunLong" Type="Sequence" Node_id="600" >
												<Connector Identifier="GenericChildren">
													<Node Name="NOP" Operation="NOP" Type="Action" Node_id="601" />
													<Node Filter_Type="Loop" Name="Loop_Run" Times="9" Type="Filter" Node_id="602" >
														<Connector Identifier="GenericChildren">
															<Node Name="JumpRightRun" Operation="JumpRightRun" Type="Action" Node_id="603" />
														</Connector>
													</Node>
												</Connector>
											</Node>
										</Connector>
									</Node>
									<Node Name="Obstacle" Type="Sequence" Node_id="604" >
										<Connector Identifier="GenericChildren">
											<Node Name="ObstacleAhead" Operation="ObstacleAhead" Type="Condition" Node_id="605" />
											<Node Name="JumpRightRunLong" Type="Sequence" Node_id="606" >
												<Connector Identifier="GenericChildren">
													<Node Name="NOP" Operation="NOP" Type="Action" Node_id="607" />
													<Node Filter_Type="Loop" Name="Loop_Run" Times="9" Type="Filter" Node_id="608" >
														<Connector Identifier="GenericChildren">
															<Node Name="JumpRightRun" Operation="JumpRightRun" Type="Action" Node_id="609" />
														</Connector>
													</Node>
												</Connector>
											</Node>
										</Connector>
									</Node>
									<Node Name="jumpableEnemy" Type="Sequence" Node_id="610" >
										<Connector Identifier="GenericChildren">
											<Node Name="JumpableEnemyAhead" Operation="JumpableEnemyAhead" Type="Condition" Node_id="611" />
											<Node Name="JumpRightShort" Type="Sequence" Node_id="612" >
												<Connector Identifier="GenericChildren">
													<Node Name="NOP" Operation="NOP" Type="Action" Node_id="613" />
													<Node Filter_Type="Loop" Name="Loop_Run" Times="3" Type="Filter" Node_id="614" >
														<Connector Identifier="GenericChildren">
															<Node Name="JumpRight" Operation="JumpRight" Type="Action" Node_id="615" />
														</Connector>
													</Node>
												</Connector>
											</Node>
										</Connector>
									</Node>
									<Node Name="noJumpableEnemy" Type="Sequence" Node_id="616" >
										<Connector Identifier="GenericChildren">
											<Node Name="NoJumpableEnemyAhead" Operation="NoJumpableEnemyAhead" Type="Condition" Node_id="617" />
											<Node Name="JumpRightRunLong" Type="Sequence" Node_id="618" >
												<Connector Identifier="GenericChildren">
													<Node Name="NOP" Operation="NOP" Type="Action" Node_id="619" />
													<Node Filter_Type="Loop" Name="Loop_Run" Times="9" Type="Filter" Node_id="620" >
														<Connector Identifier="GenericChildren">
															<Node Name="JumpRightRun" Operation="JumpRightRun" Type="Action" Node_id="621" />
														</Connector>
													</Node>
												</Connector>
											</Node>
										</Connector>
									</Node>
									<Node Name="RunRight" Operation="RunRight" Type="Action" Node_id="622" />
								</Connector>
							</Node>
						</Connector>
					</Node>
				</Connector>
			</Node>
			<Node Filter_Type="Non" Name="Loop_GoingForward" Type="Filter" Node_id="623" >
				<Connector Identifier="GenericChildren">
					<Node Filter_Type="Until_Fails_Limited" Name="UFL" Times="50" Type="Filter" Node_id="624" >
						<Connector Identifier="GenericChildren">
							<Node Name="GoingForward" Type="Sequence" Node_id="625" >
								<Connector Identifier="GenericChildren">
									<Node Filter_Type="Non" Name="Non" Type="Filter" Node_id="626" >
										<Connector Identifier="GenericChildren">
											<Node Name="ObstacleHeadBack" Operation="ObstacleHeadBack" Type="Condition" Node_id="627" />
										</Connector>
									</Node>
									<Node Name="RunLeftSafe" Type="Selector" Node_id="628" >
										<Connector Identifier="GenericChildren">
											<Node Name="Hole" Type="Sequence" Node_id="629" >
												<Connector Identifier="GenericChildren">
													<Node Name="HoleBack" Operation="HoleBack" Type="Condition" Node_id="630" />
													<Node Name="JumpLeftRunLong" Type="Sequence" Node_id="631" >
														<Connector Identifier="GenericChildren">
															<Node Name="NOP" Operation="NOP" Type="Action" Node_id="632" />
															<Node Filter_Type="Loop" Name="Loop_Run" Times="9" Type="Filter" Node_id="633" >
																<Connector Identifier="GenericChildren">
																	<Node Name="JumpLeftRun" Operation="JumpLeftRun" Type="Action" Node_id="634" />
																</Connector>
															</Node>
														</Connector>
													</Node>
												</Connector>
											</Node>
											<Node Name="Obstacle" Type="Sequence" Node_id="635" >
												<Connector Identifier="GenericChildren">
													<Node Name="ObstacleBack" Operation="ObstacleBack" Type="Condition" Node_id="636" />
													<Node Name="JumpLeftRunLong" Type="Sequence" Node_id="637" >
														<Connector Identifier="GenericChildren">
															<Node Name="NOP" Operation="NOP" Type="Action" Node_id="638" />
															<Node Filter_Type="Loop" Name="Loop_Run" Times="9" Type="Filter" Node_id="639" >
																<Connector Identifier="GenericChildren">
																	<Node Name="JumpLeftRun" Operation="JumpLeftRun" Type="Action" Node_id="640" />
																</Connector>
															</Node>
														</Connector>
													</Node>
												</Connector>
											</Node>
											<Node Name="jumpableEnemy" Type="Sequence" Node_id="641" >
												<Connector Identifier="GenericChildren">
													<Node Name="JumpableEnemyBack" Operation="JumpableEnemyBack" Type="Condition" Node_id="642" />
													<Node Name="JumpLeftShort" Type="Sequence" Node_id="643" >
														<Connector Identifier="GenericChildren">
															<Node Name="NOP" Operation="NOP" Type="Action" Node_id="644" />
															<Node Filter_Type="Loop" Name="Loop_Run" Times="3" Type="Filter" Node_id="645" >
																<Connector Identifier="GenericChildren">
																	<Node Name="JumpLeft" Operation="JumpLeft" Type="Action" Node_id="646" />
																</Connector>
															</Node>
														</Connector>
													</Node>
												</Connector>
											</Node>
											<Node Name="noJumpableEnemy" Type="Sequence" Node_id="647" >
												<Connector Identifier="GenericChildren">
													<Node Name="NoJumpableEnemyBack" Operation="NoJumpableEnemyBack" Type="Condition" Node_id="648" />
													<Node Name="JumpLeftRunLong" Type="Sequence" Node_id="649" >
														<Connector Identifier="GenericChildren">
															<Node Name="NOP" Operation="NOP" Type="Action" Node_id="650" />
															<Node Filter_Type="Loop" Name="Loop_Run" Times="9" Type="Filter" Node_id="651" >
																<Connector Identifier="GenericChildren">
																	<Node Name="JumpLeftRun" Operation="JumpLeftRun" Type="Action" Node_id="652" />
																</Connector>
															</Node>
														</Connector>
													</Node>
												</Connector>
											</Node>
											<Node Name="RunLeft" Operation="RunLeft" Type="Action" Node_id="653" />
										</Connector>
									</Node>
								</Connector>
							</Node>
						</Connector>
					</Node>
				</Connector>
			</Node>
			<Node Filter_Type="Loop" Name="Loop_GoingUnder" Times="5" Type="Filter" Node_id="654" >
				<Connector Identifier="GenericChildren">
					<Node Name="Down" Operation="Down" Type="Action" Node_id="655" />
				</Connector>
			</Node>
		</Connector>
	</Node>
 <Node Name="RunLeft" Type="Action" />
 	<Node Name="JumpRightLong" Type="Sequence" Node_id="93" >
		<Connector Identifier="GenericChildren">
			<Node Name="NOP" Operation="NOP" Type="Action" Node_id="94" />
			<Node Filter_Type="Loop" Name="Loop_Make_Jump" Times="9" Type="Filter" Node_id="95" >
				<Connector Identifier="GenericChildren">
					<Node Name="JumpRight" Operation="JumpRight" Type="Action" Node_id="96" />
				</Connector>
			</Node>
		</Connector>
	</Node>
 	<Node Name="VerticalJumpLong" Type="Sequence" Node_id="103" >
		<Connector Identifier="GenericChildren">
			<Node Name="NOP" Operation="NOP" Type="Action" Node_id="104" />
			<Node Filter_Type="Loop" Name="Loop_Run" Times="9" Type="Filter" Node_id="105" >
				<Connector Identifier="GenericChildren">
					<Node Name="VerticalJump" Operation="VerticalJump" Type="Action" Node_id="106" />
				</Connector>
			</Node>
		</Connector>
	</Node>
 <Node Name="WalkRight" Type="Action" />
 	<Node Name="JumpRightLong" Type="Sequence" Node_id="93" >
		<Connector Identifier="GenericChildren">
			<Node Name="NOP" Operation="NOP" Type="Action" Node_id="94" />
			<Node Filter_Type="Loop" Name="Loop_Make_Jump" Times="9" Type="Filter" Node_id="95" >
				<Connector Identifier="GenericChildren">
					<Node Name="JumpRight" Operation="JumpRight" Type="Action" Node_id="96" />
				</Connector>
			</Node>
		</Connector>
	</Node>
 <Node Name="Speed" Type="Action" />
 	<Node Name="GoUnderLeft" Type="Sequence" Node_id="593" >
		<Connector Identifier="GenericChildren">
			<Node Name="IsStuck" Operation="IsStuck" Type="Condition" Node_id="656" />
			<Node Name="ObstacleHead" Operation="ObstacleHead" Type="Condition" Node_id="657" />
			<Node Name="NOP" Operation="NOP" Type="Action" Node_id="594" />
			<Node Filter_Type="Loop" Name="Loop_GoingBack" Times="10" Type="Filter" Node_id="595" >
				<Connector Identifier="GenericChildren">
					<Node Name="RunSequence" Type="Sequence" Node_id="596" >
						<Connector Identifier="GenericChildren">
							<Node Name="RunRightSafe" Type="Selector" Node_id="597" >
								<Connector Identifier="GenericChildren">
									<Node Name="Hole" Type="Sequence" Node_id="598" >
										<Connector Identifier="GenericChildren">
											<Node Name="HoleAhead" Operation="HoleAhead" Type="Condition" Node_id="599" />
											<Node Name="JumpRightRunLong" Type="Sequence" Node_id="600" >
												<Connector Identifier="GenericChildren">
													<Node Name="NOP" Operation="NOP" Type="Action" Node_id="601" />
													<Node Filter_Type="Loop" Name="Loop_Run" Times="9" Type="Filter" Node_id="602" >
														<Connector Identifier="GenericChildren">
															<Node Name="JumpRightRun" Operation="JumpRightRun" Type="Action" Node_id="603" />
														</Connector>
													</Node>
												</Connector>
											</Node>
										</Connector>
									</Node>
									<Node Name="Obstacle" Type="Sequence" Node_id="604" >
										<Connector Identifier="GenericChildren">
											<Node Name="ObstacleAhead" Operation="ObstacleAhead" Type="Condition" Node_id="605" />
											<Node Name="JumpRightRunLong" Type="Sequence" Node_id="606" >
												<Connector Identifier="GenericChildren">
													<Node Name="NOP" Operation="NOP" Type="Action" Node_id="607" />
													<Node Filter_Type="Loop" Name="Loop_Run" Times="9" Type="Filter" Node_id="608" >
														<Connector Identifier="GenericChildren">
															<Node Name="JumpRightRun" Operation="JumpRightRun" Type="Action" Node_id="609" />
														</Connector>
													</Node>
												</Connector>
											</Node>
										</Connector>
									</Node>
									<Node Name="jumpableEnemy" Type="Sequence" Node_id="610" >
										<Connector Identifier="GenericChildren">
											<Node Name="JumpableEnemyAhead" Operation="JumpableEnemyAhead" Type="Condition" Node_id="611" />
											<Node Name="JumpRightShort" Type="Sequence" Node_id="612" >
												<Connector Identifier="GenericChildren">
													<Node Name="NOP" Operation="NOP" Type="Action" Node_id="613" />
													<Node Filter_Type="Loop" Name="Loop_Run" Times="3" Type="Filter" Node_id="614" >
														<Connector Identifier="GenericChildren">
															<Node Name="JumpRight" Operation="JumpRight" Type="Action" Node_id="615" />
														</Connector>
													</Node>
												</Connector>
											</Node>
										</Connector>
									</Node>
									<Node Name="noJumpableEnemy" Type="Sequence" Node_id="616" >
										<Connector Identifier="GenericChildren">
											<Node Name="NoJumpableEnemyAhead" Operation="NoJumpableEnemyAhead" Type="Condition" Node_id="617" />
											<Node Name="JumpRightRunLong" Type="Sequence" Node_id="618" >
												<Connector Identifier="GenericChildren">
													<Node Name="NOP" Operation="NOP" Type="Action" Node_id="619" />
													<Node Filter_Type="Loop" Name="Loop_Run" Times="9" Type="Filter" Node_id="620" >
														<Connector Identifier="GenericChildren">
															<Node Name="JumpRightRun" Operation="JumpRightRun" Type="Action" Node_id="621" />
														</Connector>
													</Node>
												</Connector>
											</Node>
										</Connector>
									</Node>
									<Node Name="RunRight" Operation="RunRight" Type="Action" Node_id="622" />
								</Connector>
							</Node>
						</Connector>
					</Node>
				</Connector>
			</Node>
			<Node Filter_Type="Non" Name="Loop_GoingForward" Type="Filter" Node_id="623" >
				<Connector Identifier="GenericChildren">
					<Node Filter_Type="Until_Fails_Limited" Name="UFL" Times="50" Type="Filter" Node_id="624" >
						<Connector Identifier="GenericChildren">
							<Node Name="GoingForward" Type="Sequence" Node_id="625" >
								<Connector Identifier="GenericChildren">
									<Node Filter_Type="Non" Name="Non" Type="Filter" Node_id="626" >
										<Connector Identifier="GenericChildren">
											<Node Name="ObstacleHeadBack" Operation="ObstacleHeadBack" Type="Condition" Node_id="627" />
										</Connector>
									</Node>
									<Node Name="RunLeftSafe" Type="Selector" Node_id="628" >
										<Connector Identifier="GenericChildren">
											<Node Name="Hole" Type="Sequence" Node_id="629" >
												<Connector Identifier="GenericChildren">
													<Node Name="HoleBack" Operation="HoleBack" Type="Condition" Node_id="630" />
													<Node Name="JumpLeftRunLong" Type="Sequence" Node_id="631" >
														<Connector Identifier="GenericChildren">
															<Node Name="NOP" Operation="NOP" Type="Action" Node_id="632" />
															<Node Filter_Type="Loop" Name="Loop_Run" Times="9" Type="Filter" Node_id="633" >
																<Connector Identifier="GenericChildren">
																	<Node Name="JumpLeftRun" Operation="JumpLeftRun" Type="Action" Node_id="634" />
																</Connector>
															</Node>
														</Connector>
													</Node>
												</Connector>
											</Node>
											<Node Name="Obstacle" Type="Sequence" Node_id="635" >
												<Connector Identifier="GenericChildren">
													<Node Name="ObstacleBack" Operation="ObstacleBack" Type="Condition" Node_id="636" />
													<Node Name="JumpLeftRunLong" Type="Sequence" Node_id="637" >
														<Connector Identifier="GenericChildren">
															<Node Name="NOP" Operation="NOP" Type="Action" Node_id="638" />
															<Node Filter_Type="Loop" Name="Loop_Run" Times="9" Type="Filter" Node_id="639" >
																<Connector Identifier="GenericChildren">
																	<Node Name="JumpLeftRun" Operation="JumpLeftRun" Type="Action" Node_id="640" />
																</Connector>
															</Node>
														</Connector>
													</Node>
												</Connector>
											</Node>
											<Node Name="jumpableEnemy" Type="Sequence" Node_id="641" >
												<Connector Identifier="GenericChildren">
													<Node Name="JumpableEnemyBack" Operation="JumpableEnemyBack" Type="Condition" Node_id="642" />
													<Node Name="JumpLeftShort" Type="Sequence" Node_id="643" >
														<Connector Identifier="GenericChildren">
															<Node Name="NOP" Operation="NOP" Type="Action" Node_id="644" />
															<Node Filter_Type="Loop" Name="Loop_Run" Times="3" Type="Filter" Node_id="645" >
																<Connector Identifier="GenericChildren">
																	<Node Name="JumpLeft" Operation="JumpLeft" Type="Action" Node_id="646" />
																</Connector>
															</Node>
														</Connector>
													</Node>
												</Connector>
											</Node>
											<Node Name="noJumpableEnemy" Type="Sequence" Node_id="647" >
												<Connector Identifier="GenericChildren">
													<Node Name="NoJumpableEnemyBack" Operation="NoJumpableEnemyBack" Type="Condition" Node_id="648" />
													<Node Name="JumpLeftRunLong" Type="Sequence" Node_id="649" >
														<Connector Identifier="GenericChildren">
															<Node Name="NOP" Operation="NOP" Type="Action" Node_id="650" />
															<Node Filter_Type="Loop" Name="Loop_Run" Times="9" Type="Filter" Node_id="651" >
																<Connector Identifier="GenericChildren">
																	<Node Name="JumpLeftRun" Operation="JumpLeftRun" Type="Action" Node_id="652" />
																</Connector>
															</Node>
														</Connector>
													</Node>
												</Connector>
											</Node>
											<Node Name="RunLeft" Operation="RunLeft" Type="Action" Node_id="653" />
										</Connector>
									</Node>
								</Connector>
							</Node>
						</Connector>
					</Node>
				</Connector>
			</Node>
			<Node Filter_Type="Loop" Name="Loop_GoingUnder" Times="5" Type="Filter" Node_id="654" >
				<Connector Identifier="GenericChildren">
					<Node Name="Down" Operation="Down" Type="Action" Node_id="655" />
				</Connector>
			</Node>
		</Connector>
	</Node>
 	<Node Name="JumpLeftLong" Type="Sequence" Node_id="88" >
		<Connector Identifier="GenericChildren">
			<Node Name="NOP" Operation="NOP" Type="Action" Node_id="89" />
			<Node Filter_Type="Loop" Name="Loop_Make_Jump" Times="9" Type="Filter" Node_id="90" >
				<Connector Identifier="GenericChildren">
					<Node Name="JumpLeft" Operation="JumpLeft" Type="Action" Node_id="91" />
				</Connector>
			</Node>
		</Connector>
	</Node>
 	<Node Name="GoUnderLeft" Type="Sequence" Node_id="593" >
		<Connector Identifier="GenericChildren">
			<Node Name="IsStuck" Operation="IsStuck" Type="Condition" Node_id="656" />
			<Node Name="ObstacleHead" Operation="ObstacleHead" Type="Condition" Node_id="657" />
			<Node Name="NOP" Operation="NOP" Type="Action" Node_id="594" />
			<Node Filter_Type="Loop" Name="Loop_GoingBack" Times="10" Type="Filter" Node_id="595" >
				<Connector Identifier="GenericChildren">
					<Node Name="RunSequence" Type="Sequence" Node_id="596" >
						<Connector Identifier="GenericChildren">
							<Node Name="RunRightSafe" Type="Selector" Node_id="597" >
								<Connector Identifier="GenericChildren">
									<Node Name="Hole" Type="Sequence" Node_id="598" >
										<Connector Identifier="GenericChildren">
											<Node Name="HoleAhead" Operation="HoleAhead" Type="Condition" Node_id="599" />
											<Node Name="JumpRightRunLong" Type="Sequence" Node_id="600" >
												<Connector Identifier="GenericChildren">
													<Node Name="NOP" Operation="NOP" Type="Action" Node_id="601" />
													<Node Filter_Type="Loop" Name="Loop_Run" Times="9" Type="Filter" Node_id="602" >
														<Connector Identifier="GenericChildren">
															<Node Name="JumpRightRun" Operation="JumpRightRun" Type="Action" Node_id="603" />
														</Connector>
													</Node>
												</Connector>
											</Node>
										</Connector>
									</Node>
									<Node Name="Obstacle" Type="Sequence" Node_id="604" >
										<Connector Identifier="GenericChildren">
											<Node Name="ObstacleAhead" Operation="ObstacleAhead" Type="Condition" Node_id="605" />
											<Node Name="JumpRightRunLong" Type="Sequence" Node_id="606" >
												<Connector Identifier="GenericChildren">
													<Node Name="NOP" Operation="NOP" Type="Action" Node_id="607" />
													<Node Filter_Type="Loop" Name="Loop_Run" Times="9" Type="Filter" Node_id="608" >
														<Connector Identifier="GenericChildren">
															<Node Name="JumpRightRun" Operation="JumpRightRun" Type="Action" Node_id="609" />
														</Connector>
													</Node>
												</Connector>
											</Node>
										</Connector>
									</Node>
									<Node Name="jumpableEnemy" Type="Sequence" Node_id="610" >
										<Connector Identifier="GenericChildren">
											<Node Name="JumpableEnemyAhead" Operation="JumpableEnemyAhead" Type="Condition" Node_id="611" />
											<Node Name="JumpRightShort" Type="Sequence" Node_id="612" >
												<Connector Identifier="GenericChildren">
													<Node Name="NOP" Operation="NOP" Type="Action" Node_id="613" />
													<Node Filter_Type="Loop" Name="Loop_Run" Times="3" Type="Filter" Node_id="614" >
														<Connector Identifier="GenericChildren">
															<Node Name="JumpRight" Operation="JumpRight" Type="Action" Node_id="615" />
														</Connector>
													</Node>
												</Connector>
											</Node>
										</Connector>
									</Node>
									<Node Name="noJumpableEnemy" Type="Sequence" Node_id="616" >
										<Connector Identifier="GenericChildren">
											<Node Name="NoJumpableEnemyAhead" Operation="NoJumpableEnemyAhead" Type="Condition" Node_id="617" />
											<Node Name="JumpRightRunLong" Type="Sequence" Node_id="618" >
												<Connector Identifier="GenericChildren">
													<Node Name="NOP" Operation="NOP" Type="Action" Node_id="619" />
													<Node Filter_Type="Loop" Name="Loop_Run" Times="9" Type="Filter" Node_id="620" >
														<Connector Identifier="GenericChildren">
															<Node Name="JumpRightRun" Operation="JumpRightRun" Type="Action" Node_id="621" />
														</Connector>
													</Node>
												</Connector>
											</Node>
										</Connector>
									</Node>
									<Node Name="RunRight" Operation="RunRight" Type="Action" Node_id="622" />
								</Connector>
							</Node>
						</Connector>
					</Node>
				</Connector>
			</Node>
			<Node Filter_Type="Non" Name="Loop_GoingForward" Type="Filter" Node_id="623" >
				<Connector Identifier="GenericChildren">
					<Node Filter_Type="Until_Fails_Limited" Name="UFL" Times="50" Type="Filter" Node_id="624" >
						<Connector Identifier="GenericChildren">
							<Node Name="GoingForward" Type="Sequence" Node_id="625" >
								<Connector Identifier="GenericChildren">
									<Node Filter_Type="Non" Name="Non" Type="Filter" Node_id="626" >
										<Connector Identifier="GenericChildren">
											<Node Name="ObstacleHeadBack" Operation="ObstacleHeadBack" Type="Condition" Node_id="627" />
										</Connector>
									</Node>
									<Node Name="RunLeftSafe" Type="Selector" Node_id="628" >
										<Connector Identifier="GenericChildren">
											<Node Name="Hole" Type="Sequence" Node_id="629" >
												<Connector Identifier="GenericChildren">
													<Node Name="HoleBack" Operation="HoleBack" Type="Condition" Node_id="630" />
													<Node Name="JumpLeftRunLong" Type="Sequence" Node_id="631" >
														<Connector Identifier="GenericChildren">
															<Node Name="NOP" Operation="NOP" Type="Action" Node_id="632" />
															<Node Filter_Type="Loop" Name="Loop_Run" Times="9" Type="Filter" Node_id="633" >
																<Connector Identifier="GenericChildren">
																	<Node Name="JumpLeftRun" Operation="JumpLeftRun" Type="Action" Node_id="634" />
																</Connector>
															</Node>
														</Connector>
													</Node>
												</Connector>
											</Node>
											<Node Name="Obstacle" Type="Sequence" Node_id="635" >
												<Connector Identifier="GenericChildren">
													<Node Name="ObstacleBack" Operation="ObstacleBack" Type="Condition" Node_id="636" />
													<Node Name="JumpLeftRunLong" Type="Sequence" Node_id="637" >
														<Connector Identifier="GenericChildren">
															<Node Name="NOP" Operation="NOP" Type="Action" Node_id="638" />
															<Node Filter_Type="Loop" Name="Loop_Run" Times="9" Type="Filter" Node_id="639" >
																<Connector Identifier="GenericChildren">
																	<Node Name="JumpLeftRun" Operation="JumpLeftRun" Type="Action" Node_id="640" />
																</Connector>
															</Node>
														</Connector>
													</Node>
												</Connector>
											</Node>
											<Node Name="jumpableEnemy" Type="Sequence" Node_id="641" >
												<Connector Identifier="GenericChildren">
													<Node Name="JumpableEnemyBack" Operation="JumpableEnemyBack" Type="Condition" Node_id="642" />
													<Node Name="JumpLeftShort" Type="Sequence" Node_id="643" >
														<Connector Identifier="GenericChildren">
															<Node Name="NOP" Operation="NOP" Type="Action" Node_id="644" />
															<Node Filter_Type="Loop" Name="Loop_Run" Times="3" Type="Filter" Node_id="645" >
																<Connector Identifier="GenericChildren">
																	<Node Name="JumpLeft" Operation="JumpLeft" Type="Action" Node_id="646" />
																</Connector>
															</Node>
														</Connector>
													</Node>
												</Connector>
											</Node>
											<Node Name="noJumpableEnemy" Type="Sequence" Node_id="647" >
												<Connector Identifier="GenericChildren">
													<Node Name="NoJumpableEnemyBack" Operation="NoJumpableEnemyBack" Type="Condition" Node_id="648" />
													<Node Name="JumpLeftRunLong" Type="Sequence" Node_id="649" >
														<Connector Identifier="GenericChildren">
															<Node Name="NOP" Operation="NOP" Type="Action" Node_id="650" />
															<Node Filter_Type="Loop" Name="Loop_Run" Times="9" Type="Filter" Node_id="651" >
																<Connector Identifier="GenericChildren">
																	<Node Name="JumpLeftRun" Operation="JumpLeftRun" Type="Action" Node_id="652" />
																</Connector>
															</Node>
														</Connector>
													</Node>
												</Connector>
											</Node>
											<Node Name="RunLeft" Operation="RunLeft" Type="Action" Node_id="653" />
										</Connector>
									</Node>
								</Connector>
							</Node>
						</Connector>
					</Node>
				</Connector>
			</Node>
			<Node Filter_Type="Loop" Name="Loop_GoingUnder" Times="5" Type="Filter" Node_id="654" >
				<Connector Identifier="GenericChildren">
					<Node Name="Down" Operation="Down" Type="Action" Node_id="655" />
				</Connector>
			</Node>
		</Connector>
	</Node>
 </Connector>
</Node>
 </Connector>
 </Node>
 </Node>
 </Behavior>

