<?xml version="1.0" encoding="utf-8"?>
 <Behavior>
 <Node Name="GE_BT3" Type="Root" >
 <Node Type="Selector" Name="rootSelector" >
 <Connector Identifier="GenericChildren">
  <Node Type="Sequence" Name="BehaviourBlock" >
 <Connector Identifier="GenericChildren">
 <Node Name="IsStuck" Type="Condition" />
 <Node Filter_Type="Until_Fails_Limited" Name="UFL" Times="9" Type="Filter" >
 <Connector Identifier="GenericChildren">
 <Node Type="Sequence" Name="mySequence" >
 <Connector Identifier="GenericChildren">
 	<Node Name="JumpLeftLong" Type="Sequence" Node_id="88" >
		<Connector Identifier="GenericChildren">
			<Node Name="NOP" Operation="NOP" Type="Action" Node_id="89" />
			<Node Filter_Type="Loop" Name="Loop_Make_Jump" Times="9" Type="Filter" Node_id="90" >
				<Connector Identifier="GenericChildren">
					<Node Name="JumpLeft" Operation="JumpLeft" Type="Action" Node_id="91" />
				</Connector>
			</Node>
		</Connector>
	</Node>
 <Node Name="WalkLeft" Type="Action" />
 </Connector>
</Node>
 </Connector>
</Node>
 </Connector>
</Node>
  <Node Type="Sequence" Name="defaultSequence" >
 <Connector Identifier="GenericChildren">
 	<Node Name="JumpRightRunLong" Type="Sequence" Node_id="98" >
		<Connector Identifier="GenericChildren">
			<Node Name="NOP" Operation="NOP" Type="Action" Node_id="99" />
			<Node Filter_Type="Loop" Name="Loop_Run" Times="9" Type="Filter" Node_id="100" >
				<Connector Identifier="GenericChildren">
					<Node Name="JumpRightRun" Operation="JumpRightRun" Type="Action" Node_id="101" />
				</Connector>
			</Node>
		</Connector>
	</Node>
 <Node Name="Fire" Type="Action" />
 <Node Name="NOP" Type="Action" />
 	<Node Name="UseRightGap" Type="Sequence" Node_id="66" >
		<Connector Identifier="GenericChildren">
			<Node Name="GoGapOnRight" Operation="GoGapOnRight" Type="Action" Node_id="67" />
			<Node Name="JumpRightLongModified" Type="Sequence" Node_id="68" >
				<Connector Identifier="GenericChildren">
					<Node Name="NOP" Operation="NOP" Type="Action" Node_id="69" />
					<Node Filter_Type="Loop" Name="Loop_Make_Jump" Times="2" Type="Filter" Node_id="70" >
						<Connector Identifier="GenericChildren">
							<Node Name="VerticalJump" Operation="VerticalJump" Type="Action" Node_id="71" />
						</Connector>
					</Node>
					<Node Filter_Type="Loop" Name="Loop_Make_Jump" Times="9" Type="Filter" Node_id="72" >
						<Connector Identifier="GenericChildren">
							<Node Name="JumpRight" Operation="JumpRight" Type="Action" Node_id="73" />
						</Connector>
					</Node>
				</Connector>
			</Node>
		</Connector>
	</Node>
 <Node Name="Fire" Type="Action" />
 	<Node Name="WalkRightSafe" Type="Selector" Node_id="360" >
		<Connector Identifier="GenericChildren">
			<Node Name="Hole" Type="Sequence" Node_id="361" >
				<Connector Identifier="GenericChildren">
					<Node Name="HoleAhead" Operation="HoleAhead" Type="Condition" Node_id="362" />
					<Node Name="JumpRightRunLong" Type="Sequence" Node_id="363" >
						<Connector Identifier="GenericChildren">
							<Node Name="NOP" Operation="NOP" Type="Action" Node_id="364" />
							<Node Filter_Type="Loop" Name="Loop_Run" Times="9" Type="Filter" Node_id="365" >
								<Connector Identifier="GenericChildren">
									<Node Name="JumpRightRun" Operation="JumpRightRun" Type="Action" Node_id="366" />
								</Connector>
							</Node>
						</Connector>
					</Node>
				</Connector>
			</Node>
			<Node Name="Obstacle" Type="Sequence" Node_id="367" >
				<Connector Identifier="GenericChildren">
					<Node Name="ObstacleAhead" Operation="ObstacleAhead" Type="Condition" Node_id="368" />
					<Node Name="JumpRightRunLong" Type="Sequence" Node_id="369" >
						<Connector Identifier="GenericChildren">
							<Node Name="NOP" Operation="NOP" Type="Action" Node_id="370" />
							<Node Filter_Type="Loop" Name="Loop_Run" Times="9" Type="Filter" Node_id="371" >
								<Connector Identifier="GenericChildren">
									<Node Name="JumpRightRun" Operation="JumpRightRun" Type="Action" Node_id="372" />
								</Connector>
							</Node>
						</Connector>
					</Node>
				</Connector>
			</Node>
			<Node Name="jumpableEnemy" Type="Sequence" Node_id="373" >
				<Connector Identifier="GenericChildren">
					<Node Name="JumpableEnemyAhead" Operation="JumpableEnemyAhead" Type="Condition" Node_id="374" />
					<Node Name="JumpRightShort" Type="Sequence" Node_id="375" >
						<Connector Identifier="GenericChildren">
							<Node Name="NOP" Operation="NOP" Type="Action" Node_id="376" />
							<Node Filter_Type="Loop" Name="Loop_Run" Times="3" Type="Filter" Node_id="377" >
								<Connector Identifier="GenericChildren">
									<Node Name="JumpRight" Operation="JumpRight" Type="Action" Node_id="378" />
								</Connector>
							</Node>
						</Connector>
					</Node>
				</Connector>
			</Node>
			<Node Name="noJumpableEnemy" Type="Sequence" Node_id="379" >
				<Connector Identifier="GenericChildren">
					<Node Name="NoJumpableEnemyAhead" Operation="NoJumpableEnemyAhead" Type="Condition" Node_id="380" />
					<Node Name="JumpRightRunLong" Type="Sequence" Node_id="381" >
						<Connector Identifier="GenericChildren">
							<Node Name="NOP" Operation="NOP" Type="Action" Node_id="382" />
							<Node Filter_Type="Loop" Name="Loop_Run" Times="9" Type="Filter" Node_id="383" >
								<Connector Identifier="GenericChildren">
									<Node Name="JumpRightRun" Operation="JumpRightRun" Type="Action" Node_id="384" />
								</Connector>
							</Node>
						</Connector>
					</Node>
				</Connector>
			</Node>
			<Node Name="WalkRight" Operation="WalkRight" Type="Action" Node_id="385" />
		</Connector>
	</Node>
 <Node Name="Down" Type="Action" />
 	<Node Name="JumpRightRunShort" Type="Sequence" Node_id="186" >
		<Connector Identifier="GenericChildren">
			<Node Name="NOP" Operation="NOP" Type="Action" Node_id="187" />
			<Node Filter_Type="Loop" Name="Loop_Run" Times="3" Type="Filter" Node_id="191" >
				<Connector Identifier="GenericChildren">
					<Node Name="JumpRightRun" Operation="JumpRightRun" Type="Action" Node_id="190" />
				</Connector>
			</Node>
		</Connector>
	</Node>
 	<Node Name="JumpRightRunLong" Type="Sequence" Node_id="98" >
		<Connector Identifier="GenericChildren">
			<Node Name="NOP" Operation="NOP" Type="Action" Node_id="99" />
			<Node Filter_Type="Loop" Name="Loop_Run" Times="9" Type="Filter" Node_id="100" >
				<Connector Identifier="GenericChildren">
					<Node Name="JumpRightRun" Operation="JumpRightRun" Type="Action" Node_id="101" />
				</Connector>
			</Node>
		</Connector>
	</Node>
 <Node Name="RunRight" Type="Action" />
 <Node Name="Fire" Type="Action" />
 	<Node Name="JumpRightRunShort" Type="Sequence" Node_id="186" >
		<Connector Identifier="GenericChildren">
			<Node Name="NOP" Operation="NOP" Type="Action" Node_id="187" />
			<Node Filter_Type="Loop" Name="Loop_Run" Times="3" Type="Filter" Node_id="191" >
				<Connector Identifier="GenericChildren">
					<Node Name="JumpRightRun" Operation="JumpRightRun" Type="Action" Node_id="190" />
				</Connector>
			</Node>
		</Connector>
	</Node>
 <Node Name="Speed" Type="Action" />
 	<Node Name="JumpRightShort" Type="Sequence" Node_id="194" >
		<Connector Identifier="GenericChildren">
			<Node Name="NOP" Operation="NOP" Type="Action" Node_id="195" />
			<Node Filter_Type="Loop" Name="Loop_Run" Times="3" Type="Filter" Node_id="199" >
				<Connector Identifier="GenericChildren">
					<Node Name="JumpRight" Operation="JumpRight" Type="Action" Node_id="197" />
				</Connector>
			</Node>
		</Connector>
	</Node>
 <Node Name="Down" Type="Action" />
 </Connector>
</Node>
 </Connector>
 </Node>
 </Node>
 </Behavior>

