<?xml version="1.0" encoding="utf-8"?>
 <Behavior>
 <Node Name="GE_BT3" Type="Root" >
 <Node Type="Selector" Name="rootSelector" >
 <Connector Identifier="GenericChildren">
  <Node Type="Sequence" Name="BehaviourBlock" >
 <Connector Identifier="GenericChildren">
 <Node Name="IsStuck" Type="Condition" />
 <Node Type="Sequence" Name="mySequence" >
 <Connector Identifier="GenericChildren">
 <Node Name="RunRight" Type="Action" />
 	<Node Name="JumpLeftRunLong" Type="Sequence" Node_id="82" >
		<Connector Identifier="GenericChildren">
			<Node Name="NOP" Operation="NOP" Type="Action" Node_id="83" />
			<Node Filter_Type="Loop" Name="Loop_Run" Times="9" Type="Filter" Node_id="84" >
				<Connector Identifier="GenericChildren">
					<Node Name="JumpLeftRun" Operation="JumpLeftRun" Type="Action" Node_id="85" />
				</Connector>
			</Node>
		</Connector>
	</Node>
 	<Node Name="Avoid_RightTrap" Type="Sequence" Node_id="16" >
		<Connector Identifier="GenericChildren">
			<Node Name="IsARightTrap" Operation="IsARightTrap" Type="Condition" Node_id="17" />
			<Node Filter_Type="Until_Fails" Name="GetOutOfHere" Type="Filter" Node_id="18" >
				<Connector Identifier="GenericChildren">
					<Node Name="WhatToDo" Type="Selector" Node_id="19" >
						<Connector Identifier="GenericChildren">
							<Node Name="DetectGap" Type="Selector" Node_id="20" >
								<Connector Identifier="GenericChildren">
									<Node Name="GoALot" Type="Sequence" Node_id="21" >
										<Connector Identifier="GenericChildren">
											<Node Filter_Type="Non" Name="NON" Type="Filter" Node_id="22" >
												<Connector Identifier="GenericChildren">
													<Node Name="CanIStopRunning" Operation="CanIStopRunning" Type="Sequence" Node_id="23" >
														<Connector Identifier="GenericChildren">
															<Node Name="IsTrapRightEnded" Operation="IsTrapRightEnded" Type="Condition" Node_id="24" />
															<Node Name="IsGapOnRight" Operation="IsGapOnRight" Type="Condition" Node_id="25" />
														</Connector>
													</Node>
												</Connector>
											</Node>
											<Node Filter_Type="Non" Name="NON" Type="Filter" Node_id="26" >
												<Connector Identifier="GenericChildren">
													<Node Name="IsStuck" Operation="IsStuck" Type="Condition" Node_id="27" />
												</Connector>
											</Node>
											<Node Name="RunLeftSafe" Type="Selector" Node_id="28" >
												<Connector Identifier="GenericChildren">
													<Node Name="Hole" Type="Sequence" Node_id="29" >
														<Connector Identifier="GenericChildren">
															<Node Name="HoleBack" Operation="HoleBack" Type="Condition" Node_id="30" />
															<Node Name="JumpLeftRunLong" Type="Sequence" Node_id="31" >
																<Connector Identifier="GenericChildren">
																	<Node Name="NOP" Operation="NOP" Type="Action" Node_id="32" />
																	<Node Filter_Type="Loop" Name="Loop_Run" Times="9" Type="Filter" Node_id="33" >
																		<Connector Identifier="GenericChildren">
																			<Node Name="JumpLeftRun" Operation="JumpLeftRun" Type="Action" Node_id="34" />
																		</Connector>
																	</Node>
																</Connector>
															</Node>
														</Connector>
													</Node>
													<Node Name="Obstacle" Type="Sequence" Node_id="35" >
														<Connector Identifier="GenericChildren">
															<Node Name="ObstacleBack" Operation="ObstacleBack" Type="Condition" Node_id="36" />
															<Node Name="JumpLeftRunLong" Type="Sequence" Node_id="37" >
																<Connector Identifier="GenericChildren">
																	<Node Name="NOP" Operation="NOP" Type="Action" Node_id="38" />
																	<Node Filter_Type="Loop" Name="Loop_Run" Times="9" Type="Filter" Node_id="39" >
																		<Connector Identifier="GenericChildren">
																			<Node Name="JumpLeftRun" Operation="JumpLeftRun" Type="Action" Node_id="40" />
																		</Connector>
																	</Node>
																</Connector>
															</Node>
														</Connector>
													</Node>
													<Node Name="jumpableEnemy" Type="Sequence" Node_id="41" >
														<Connector Identifier="GenericChildren">
															<Node Name="JumpableEnemyBack" Operation="JumpableEnemyBack" Type="Condition" Node_id="42" />
															<Node Name="JumpLeftShort" Type="Sequence" Node_id="43" >
																<Connector Identifier="GenericChildren">
																	<Node Name="NOP" Operation="NOP" Type="Action" Node_id="44" />
																	<Node Filter_Type="Loop" Name="Loop_Run" Times="3" Type="Filter" Node_id="45" >
																		<Connector Identifier="GenericChildren">
																			<Node Name="JumpLeft" Operation="JumpLeft" Type="Action" Node_id="46" />
																		</Connector>
																	</Node>
																</Connector>
															</Node>
														</Connector>
													</Node>
													<Node Name="noJumpableEnemy" Type="Sequence" Node_id="47" >
														<Connector Identifier="GenericChildren">
															<Node Name="NoJumpableEnemyBack" Operation="NoJumpableEnemyBack" Type="Condition" Node_id="48" />
															<Node Name="JumpLeftRunLong" Type="Sequence" Node_id="49" >
																<Connector Identifier="GenericChildren">
																	<Node Name="NOP" Operation="NOP" Type="Action" Node_id="50" />
																	<Node Filter_Type="Loop" Name="Loop_Run" Times="9" Type="Filter" Node_id="51" >
																		<Connector Identifier="GenericChildren">
																			<Node Name="JumpLeftRun" Operation="JumpLeftRun" Type="Action" Node_id="52" />
																		</Connector>
																	</Node>
																</Connector>
															</Node>
														</Connector>
													</Node>
													<Node Name="RunLeft" Operation="RunLeft" Type="Action" Node_id="53" />
												</Connector>
											</Node>
										</Connector>
									</Node>
									<Node Name="UseRightGap" Type="Sequence" Node_id="54" >
										<Connector Identifier="GenericChildren">
											<Node Name="GoGapOnRight" Operation="GoGapOnRight" Type="Action" Node_id="55" />
											<Node Name="JumpRightLongModified" Type="Sequence" Node_id="56" >
												<Connector Identifier="GenericChildren">
													<Node Name="NOP" Operation="NOP" Type="Action" Node_id="57" />
													<Node Filter_Type="Loop" Name="Loop_Make_Jump" Times="2" Type="Filter" Node_id="58" >
														<Connector Identifier="GenericChildren">
															<Node Name="VerticalJump" Operation="VerticalJump" Type="Action" Node_id="59" />
														</Connector>
													</Node>
													<Node Filter_Type="Loop" Name="Loop_Make_Jump" Times="9" Type="Filter" Node_id="60" >
														<Connector Identifier="GenericChildren">
															<Node Name="JumpRight" Operation="JumpRight" Type="Action" Node_id="61" />
														</Connector>
													</Node>
													<Node Name="Failure" Operation="Failure" Type="Condition" Node_id="62" />
												</Connector>
											</Node>
										</Connector>
									</Node>
								</Connector>
							</Node>
						</Connector>
					</Node>
				</Connector>
			</Node>
		</Connector>
	</Node>
 </Connector>
</Node>
 </Connector>
</Node>
  <Node Type="Sequence" Name="BehaviourBlock" >
 <Connector Identifier="GenericChildren">
 <Node Name="IsStuck" Type="Condition" />
 <Node Type="Sequence" Name="mySequence" >
 <Connector Identifier="GenericChildren">
 	<Node Name="JumpLeftRunLong" Type="Sequence" Node_id="82" >
		<Connector Identifier="GenericChildren">
			<Node Name="NOP" Operation="NOP" Type="Action" Node_id="83" />
			<Node Filter_Type="Loop" Name="Loop_Run" Times="9" Type="Filter" Node_id="84" >
				<Connector Identifier="GenericChildren">
					<Node Name="JumpLeftRun" Operation="JumpLeftRun" Type="Action" Node_id="85" />
				</Connector>
			</Node>
		</Connector>
	</Node>
 	<Node Name="Avoid_RightTrap" Type="Sequence" Node_id="16" >
		<Connector Identifier="GenericChildren">
			<Node Name="IsARightTrap" Operation="IsARightTrap" Type="Condition" Node_id="17" />
			<Node Filter_Type="Until_Fails" Name="GetOutOfHere" Type="Filter" Node_id="18" >
				<Connector Identifier="GenericChildren">
					<Node Name="WhatToDo" Type="Selector" Node_id="19" >
						<Connector Identifier="GenericChildren">
							<Node Name="DetectGap" Type="Selector" Node_id="20" >
								<Connector Identifier="GenericChildren">
									<Node Name="GoALot" Type="Sequence" Node_id="21" >
										<Connector Identifier="GenericChildren">
											<Node Filter_Type="Non" Name="NON" Type="Filter" Node_id="22" >
												<Connector Identifier="GenericChildren">
													<Node Name="CanIStopRunning" Operation="CanIStopRunning" Type="Sequence" Node_id="23" >
														<Connector Identifier="GenericChildren">
															<Node Name="IsTrapRightEnded" Operation="IsTrapRightEnded" Type="Condition" Node_id="24" />
															<Node Name="IsGapOnRight" Operation="IsGapOnRight" Type="Condition" Node_id="25" />
														</Connector>
													</Node>
												</Connector>
											</Node>
											<Node Filter_Type="Non" Name="NON" Type="Filter" Node_id="26" >
												<Connector Identifier="GenericChildren">
													<Node Name="IsStuck" Operation="IsStuck" Type="Condition" Node_id="27" />
												</Connector>
											</Node>
											<Node Name="RunLeftSafe" Type="Selector" Node_id="28" >
												<Connector Identifier="GenericChildren">
													<Node Name="Hole" Type="Sequence" Node_id="29" >
														<Connector Identifier="GenericChildren">
															<Node Name="HoleBack" Operation="HoleBack" Type="Condition" Node_id="30" />
															<Node Name="JumpLeftRunLong" Type="Sequence" Node_id="31" >
																<Connector Identifier="GenericChildren">
																	<Node Name="NOP" Operation="NOP" Type="Action" Node_id="32" />
																	<Node Filter_Type="Loop" Name="Loop_Run" Times="9" Type="Filter" Node_id="33" >
																		<Connector Identifier="GenericChildren">
																			<Node Name="JumpLeftRun" Operation="JumpLeftRun" Type="Action" Node_id="34" />
																		</Connector>
																	</Node>
																</Connector>
															</Node>
														</Connector>
													</Node>
													<Node Name="Obstacle" Type="Sequence" Node_id="35" >
														<Connector Identifier="GenericChildren">
															<Node Name="ObstacleBack" Operation="ObstacleBack" Type="Condition" Node_id="36" />
															<Node Name="JumpLeftRunLong" Type="Sequence" Node_id="37" >
																<Connector Identifier="GenericChildren">
																	<Node Name="NOP" Operation="NOP" Type="Action" Node_id="38" />
																	<Node Filter_Type="Loop" Name="Loop_Run" Times="9" Type="Filter" Node_id="39" >
																		<Connector Identifier="GenericChildren">
																			<Node Name="JumpLeftRun" Operation="JumpLeftRun" Type="Action" Node_id="40" />
																		</Connector>
																	</Node>
																</Connector>
															</Node>
														</Connector>
													</Node>
													<Node Name="jumpableEnemy" Type="Sequence" Node_id="41" >
														<Connector Identifier="GenericChildren">
															<Node Name="JumpableEnemyBack" Operation="JumpableEnemyBack" Type="Condition" Node_id="42" />
															<Node Name="JumpLeftShort" Type="Sequence" Node_id="43" >
																<Connector Identifier="GenericChildren">
																	<Node Name="NOP" Operation="NOP" Type="Action" Node_id="44" />
																	<Node Filter_Type="Loop" Name="Loop_Run" Times="3" Type="Filter" Node_id="45" >
																		<Connector Identifier="GenericChildren">
																			<Node Name="JumpLeft" Operation="JumpLeft" Type="Action" Node_id="46" />
																		</Connector>
																	</Node>
																</Connector>
															</Node>
														</Connector>
													</Node>
													<Node Name="noJumpableEnemy" Type="Sequence" Node_id="47" >
														<Connector Identifier="GenericChildren">
															<Node Name="NoJumpableEnemyBack" Operation="NoJumpableEnemyBack" Type="Condition" Node_id="48" />
															<Node Name="JumpLeftRunLong" Type="Sequence" Node_id="49" >
																<Connector Identifier="GenericChildren">
																	<Node Name="NOP" Operation="NOP" Type="Action" Node_id="50" />
																	<Node Filter_Type="Loop" Name="Loop_Run" Times="9" Type="Filter" Node_id="51" >
																		<Connector Identifier="GenericChildren">
																			<Node Name="JumpLeftRun" Operation="JumpLeftRun" Type="Action" Node_id="52" />
																		</Connector>
																	</Node>
																</Connector>
															</Node>
														</Connector>
													</Node>
													<Node Name="RunLeft" Operation="RunLeft" Type="Action" Node_id="53" />
												</Connector>
											</Node>
										</Connector>
									</Node>
									<Node Name="UseRightGap" Type="Sequence" Node_id="54" >
										<Connector Identifier="GenericChildren">
											<Node Name="GoGapOnRight" Operation="GoGapOnRight" Type="Action" Node_id="55" />
											<Node Name="JumpRightLongModified" Type="Sequence" Node_id="56" >
												<Connector Identifier="GenericChildren">
													<Node Name="NOP" Operation="NOP" Type="Action" Node_id="57" />
													<Node Filter_Type="Loop" Name="Loop_Make_Jump" Times="2" Type="Filter" Node_id="58" >
														<Connector Identifier="GenericChildren">
															<Node Name="VerticalJump" Operation="VerticalJump" Type="Action" Node_id="59" />
														</Connector>
													</Node>
													<Node Filter_Type="Loop" Name="Loop_Make_Jump" Times="9" Type="Filter" Node_id="60" >
														<Connector Identifier="GenericChildren">
															<Node Name="JumpRight" Operation="JumpRight" Type="Action" Node_id="61" />
														</Connector>
													</Node>
													<Node Name="Failure" Operation="Failure" Type="Condition" Node_id="62" />
												</Connector>
											</Node>
										</Connector>
									</Node>
								</Connector>
							</Node>
						</Connector>
					</Node>
				</Connector>
			</Node>
		</Connector>
	</Node>
 	<Node Name="JumpRightRunLong" Type="Sequence" Node_id="98" >
		<Connector Identifier="GenericChildren">
			<Node Name="NOP" Operation="NOP" Type="Action" Node_id="99" />
			<Node Filter_Type="Loop" Name="Loop_Run" Times="9" Type="Filter" Node_id="100" >
				<Connector Identifier="GenericChildren">
					<Node Name="JumpRightRun" Operation="JumpRightRun" Type="Action" Node_id="101" />
				</Connector>
			</Node>
		</Connector>
	</Node>
 	<Node Name="WalkLeftSafe" Type="Selector" Node_id="251" >
		<Connector Identifier="GenericChildren">
			<Node Name="Hole" Type="Sequence" Node_id="252" >
				<Connector Identifier="GenericChildren">
					<Node Name="HoleBack" Operation="HoleBack" Type="Condition" Node_id="253" />
					<Node Name="JumpLeftRunLong" Type="Sequence" Node_id="282" >
						<Connector Identifier="GenericChildren">
							<Node Name="NOP" Operation="NOP" Type="Action" Node_id="283" />
							<Node Filter_Type="Loop" Name="Loop_Run" Times="9" Type="Filter" Node_id="284" >
								<Connector Identifier="GenericChildren">
									<Node Name="JumpLeftRun" Operation="JumpLeftRun" Type="Action" Node_id="285" />
								</Connector>
							</Node>
						</Connector>
					</Node>
				</Connector>
			</Node>
			<Node Name="Obstacle" Type="Sequence" Node_id="258" >
				<Connector Identifier="GenericChildren">
					<Node Name="ObstacleBack" Operation="ObstacleBack" Type="Condition" Node_id="259" />
					<Node Name="JumpLeftRunLong" Type="Sequence" Node_id="286" >
						<Connector Identifier="GenericChildren">
							<Node Name="NOP" Operation="NOP" Type="Action" Node_id="287" />
							<Node Filter_Type="Loop" Name="Loop_Run" Times="9" Type="Filter" Node_id="288" >
								<Connector Identifier="GenericChildren">
									<Node Name="JumpLeftRun" Operation="JumpLeftRun" Type="Action" Node_id="289" />
								</Connector>
							</Node>
						</Connector>
					</Node>
				</Connector>
			</Node>
			<Node Name="jumpableEnemy" Type="Sequence" Node_id="264" >
				<Connector Identifier="GenericChildren">
					<Node Name="JumpableEnemyBack" Operation="JumpableEnemyBack" Type="Condition" Node_id="265" />
					<Node Name="JumpLeftShort" Type="Sequence" Node_id="299" >
						<Connector Identifier="GenericChildren">
							<Node Name="NOP" Operation="NOP" Type="Action" Node_id="300" />
							<Node Filter_Type="Loop" Name="Loop_Run" Times="3" Type="Filter" Node_id="301" >
								<Connector Identifier="GenericChildren">
									<Node Name="JumpLeft" Operation="JumpLeft" Type="Action" Node_id="302" />
								</Connector>
							</Node>
						</Connector>
					</Node>
				</Connector>
			</Node>
			<Node Name="noJumpableEnemy" Type="Sequence" Node_id="270" >
				<Connector Identifier="GenericChildren">
					<Node Name="NoJumpableEnemyBack" Operation="NoJumpableEnemyBack" Type="Condition" Node_id="271" />
					<Node Name="JumpLeftRunLong" Type="Sequence" Node_id="290" >
						<Connector Identifier="GenericChildren">
							<Node Name="NOP" Operation="NOP" Type="Action" Node_id="291" />
							<Node Filter_Type="Loop" Name="Loop_Run" Times="9" Type="Filter" Node_id="292" >
								<Connector Identifier="GenericChildren">
									<Node Name="JumpLeftRun" Operation="JumpLeftRun" Type="Action" Node_id="293" />
								</Connector>
							</Node>
						</Connector>
					</Node>
				</Connector>
			</Node>
			<Node Name="WalkLeft" Operation="WalkLeft" Type="Action" Node_id="276" />
		</Connector>
	</Node>
 <Node Name="RunRight" Type="Action" />
 </Connector>
</Node>
 </Connector>
</Node>
  <Node Type="Sequence" Name="BehaviourBlock" >
 <Connector Identifier="GenericChildren">
 <Node Name="ObstacleHeadBack" Type="Condition" />
 <Node Name="IsBreakableUpBack" Type="Condition" />
 <Node Filter_Type="Non" Name="non" Type="Filter" >
 <Connector Identifier="GenericChildren">
 <Node Type="Sequence" Name="mySequence" >
 <Connector Identifier="GenericChildren">
 	<Node Name="JumpRightLong" Type="Sequence" Node_id="93" >
		<Connector Identifier="GenericChildren">
			<Node Name="NOP" Operation="NOP" Type="Action" Node_id="94" />
			<Node Filter_Type="Loop" Name="Loop_Make_Jump" Times="9" Type="Filter" Node_id="95" >
				<Connector Identifier="GenericChildren">
					<Node Name="JumpRight" Operation="JumpRight" Type="Action" Node_id="96" />
				</Connector>
			</Node>
		</Connector>
	</Node>
 <Node Name="Speed" Type="Action" />
 </Connector>
</Node>
 </Connector>
</Node>
 </Connector>
</Node>
  <Node Type="Sequence" Name="BehaviourBlock" >
 <Connector Identifier="GenericChildren">
 <Node Name="IsStuck" Type="Condition" />
 <Node Type="Sequence" Name="mySequence" >
 <Connector Identifier="GenericChildren">
 	<Node Name="JumpRightLong" Type="Sequence" Node_id="93" >
		<Connector Identifier="GenericChildren">
			<Node Name="NOP" Operation="NOP" Type="Action" Node_id="94" />
			<Node Filter_Type="Loop" Name="Loop_Make_Jump" Times="9" Type="Filter" Node_id="95" >
				<Connector Identifier="GenericChildren">
					<Node Name="JumpRight" Operation="JumpRight" Type="Action" Node_id="96" />
				</Connector>
			</Node>
		</Connector>
	</Node>
 <Node Name="Fire" Type="Action" />
 	<Node Name="WalkRightSafe" Type="Selector" Node_id="360" >
		<Connector Identifier="GenericChildren">
			<Node Name="Hole" Type="Sequence" Node_id="361" >
				<Connector Identifier="GenericChildren">
					<Node Name="HoleAhead" Operation="HoleAhead" Type="Condition" Node_id="362" />
					<Node Name="JumpRightRunLong" Type="Sequence" Node_id="363" >
						<Connector Identifier="GenericChildren">
							<Node Name="NOP" Operation="NOP" Type="Action" Node_id="364" />
							<Node Filter_Type="Loop" Name="Loop_Run" Times="9" Type="Filter" Node_id="365" >
								<Connector Identifier="GenericChildren">
									<Node Name="JumpRightRun" Operation="JumpRightRun" Type="Action" Node_id="366" />
								</Connector>
							</Node>
						</Connector>
					</Node>
				</Connector>
			</Node>
			<Node Name="Obstacle" Type="Sequence" Node_id="367" >
				<Connector Identifier="GenericChildren">
					<Node Name="ObstacleAhead" Operation="ObstacleAhead" Type="Condition" Node_id="368" />
					<Node Name="JumpRightRunLong" Type="Sequence" Node_id="369" >
						<Connector Identifier="GenericChildren">
							<Node Name="NOP" Operation="NOP" Type="Action" Node_id="370" />
							<Node Filter_Type="Loop" Name="Loop_Run" Times="9" Type="Filter" Node_id="371" >
								<Connector Identifier="GenericChildren">
									<Node Name="JumpRightRun" Operation="JumpRightRun" Type="Action" Node_id="372" />
								</Connector>
							</Node>
						</Connector>
					</Node>
				</Connector>
			</Node>
			<Node Name="jumpableEnemy" Type="Sequence" Node_id="373" >
				<Connector Identifier="GenericChildren">
					<Node Name="JumpableEnemyAhead" Operation="JumpableEnemyAhead" Type="Condition" Node_id="374" />
					<Node Name="JumpRightShort" Type="Sequence" Node_id="375" >
						<Connector Identifier="GenericChildren">
							<Node Name="NOP" Operation="NOP" Type="Action" Node_id="376" />
							<Node Filter_Type="Loop" Name="Loop_Run" Times="3" Type="Filter" Node_id="377" >
								<Connector Identifier="GenericChildren">
									<Node Name="JumpRight" Operation="JumpRight" Type="Action" Node_id="378" />
								</Connector>
							</Node>
						</Connector>
					</Node>
				</Connector>
			</Node>
			<Node Name="noJumpableEnemy" Type="Sequence" Node_id="379" >
				<Connector Identifier="GenericChildren">
					<Node Name="NoJumpableEnemyAhead" Operation="NoJumpableEnemyAhead" Type="Condition" Node_id="380" />
					<Node Name="JumpRightRunLong" Type="Sequence" Node_id="381" >
						<Connector Identifier="GenericChildren">
							<Node Name="NOP" Operation="NOP" Type="Action" Node_id="382" />
							<Node Filter_Type="Loop" Name="Loop_Run" Times="9" Type="Filter" Node_id="383" >
								<Connector Identifier="GenericChildren">
									<Node Name="JumpRightRun" Operation="JumpRightRun" Type="Action" Node_id="384" />
								</Connector>
							</Node>
						</Connector>
					</Node>
				</Connector>
			</Node>
			<Node Name="WalkRight" Operation="WalkRight" Type="Action" Node_id="385" />
		</Connector>
	</Node>
 <Node Name="WalkLeft" Type="Action" />
 <Node Name="Fire" Type="Action" />
 <Node Name="Down" Type="Action" />
 <Node Name="RunRight" Type="Action" />
 <Node Name="Fire" Type="Action" />
 </Connector>
</Node>
 </Connector>
</Node>
  <Node Type="Sequence" Name="BehaviourBlock" >
 <Connector Identifier="GenericChildren">
 <Node Name="IsBreakableUp" Type="Condition" />
 <Node Filter_Type="Until_Fails_Limited" Name="UFL" Times="3" Type="Filter" >
 <Connector Identifier="GenericChildren">
 <Node Type="Sequence" Name="mySequence" >
 <Connector Identifier="GenericChildren">
 	<Node Name="UseRightGap" Type="Sequence" Node_id="66" >
		<Connector Identifier="GenericChildren">
			<Node Name="GoGapOnRight" Operation="GoGapOnRight" Type="Action" Node_id="67" />
			<Node Name="JumpRightLongModified" Type="Sequence" Node_id="68" >
				<Connector Identifier="GenericChildren">
					<Node Name="NOP" Operation="NOP" Type="Action" Node_id="69" />
					<Node Filter_Type="Loop" Name="Loop_Make_Jump" Times="2" Type="Filter" Node_id="70" >
						<Connector Identifier="GenericChildren">
							<Node Name="VerticalJump" Operation="VerticalJump" Type="Action" Node_id="71" />
						</Connector>
					</Node>
					<Node Filter_Type="Loop" Name="Loop_Make_Jump" Times="9" Type="Filter" Node_id="72" >
						<Connector Identifier="GenericChildren">
							<Node Name="JumpRight" Operation="JumpRight" Type="Action" Node_id="73" />
						</Connector>
					</Node>
				</Connector>
			</Node>
		</Connector>
	</Node>
 	<Node Name="RunRightSafe" Type="Selector" Node_id="293" >
		<Connector Identifier="GenericChildren">
			<Node Name="Hole" Type="Sequence" Node_id="294" >
				<Connector Identifier="GenericChildren">
					<Node Name="HoleAhead" Operation="HoleAhead" Type="Condition" Node_id="295" />
					<Node Name="JumpRightRunLong" Type="Sequence" Node_id="301" >
						<Connector Identifier="GenericChildren">
							<Node Name="NOP" Operation="NOP" Type="Action" Node_id="302" />
							<Node Filter_Type="Loop" Name="Loop_Run" Times="9" Type="Filter" Node_id="303" >
								<Connector Identifier="GenericChildren">
									<Node Name="JumpRightRun" Operation="JumpRightRun" Type="Action" Node_id="304" />
								</Connector>
							</Node>
						</Connector>
					</Node>
				</Connector>
			</Node>
			<Node Name="Obstacle" Type="Sequence" Node_id="305" >
				<Connector Identifier="GenericChildren">
					<Node Name="ObstacleAhead" Operation="ObstacleAhead" Type="Condition" Node_id="306" />
					<Node Name="JumpRightRunLong" Type="Sequence" Node_id="307" >
						<Connector Identifier="GenericChildren">
							<Node Name="NOP" Operation="NOP" Type="Action" Node_id="308" />
							<Node Filter_Type="Loop" Name="Loop_Run" Times="9" Type="Filter" Node_id="309" >
								<Connector Identifier="GenericChildren">
									<Node Name="JumpRightRun" Operation="JumpRightRun" Type="Action" Node_id="310" />
								</Connector>
							</Node>
						</Connector>
					</Node>
				</Connector>
			</Node>
			<Node Name="jumpableEnemy" Type="Sequence" Node_id="311" >
				<Connector Identifier="GenericChildren">
					<Node Name="JumpableEnemyAhead" Operation="JumpableEnemyAhead" Type="Condition" Node_id="312" />
					<Node Name="JumpRightShort" Type="Sequence" Node_id="328" >
						<Connector Identifier="GenericChildren">
							<Node Name="NOP" Operation="NOP" Type="Action" Node_id="329" />
							<Node Filter_Type="Loop" Name="Loop_Run" Times="3" Type="Filter" Node_id="330" >
								<Connector Identifier="GenericChildren">
									<Node Name="JumpRight" Operation="JumpRight" Type="Action" Node_id="331" />
								</Connector>
							</Node>
						</Connector>
					</Node>
				</Connector>
			</Node>
			<Node Name="noJumpableEnemy" Type="Sequence" Node_id="317" >
				<Connector Identifier="GenericChildren">
					<Node Name="NoJumpableEnemyAhead" Operation="NoJumpableEnemyAhead" Type="Condition" Node_id="318" />
					<Node Name="JumpRightRunLong" Type="Sequence" Node_id="319" >
						<Connector Identifier="GenericChildren">
							<Node Name="NOP" Operation="NOP" Type="Action" Node_id="320" />
							<Node Filter_Type="Loop" Name="Loop_Run" Times="9" Type="Filter" Node_id="321" >
								<Connector Identifier="GenericChildren">
									<Node Name="JumpRightRun" Operation="JumpRightRun" Type="Action" Node_id="322" />
								</Connector>
							</Node>
						</Connector>
					</Node>
				</Connector>
			</Node>
			<Node Name="RunRight" Operation="RunRight" Type="Action" Node_id="332" />
		</Connector>
	</Node>
 <Node Name="NOP" Type="Action" />
 </Connector>
</Node>
 </Connector>
</Node>
 </Connector>
</Node>
  <Node Type="Sequence" Name="defaultSequence" >
 <Connector Identifier="GenericChildren">
 	<Node Name="JumpRightRunLong" Type="Sequence" Node_id="98" >
		<Connector Identifier="GenericChildren">
			<Node Name="NOP" Operation="NOP" Type="Action" Node_id="99" />
			<Node Filter_Type="Loop" Name="Loop_Run" Times="9" Type="Filter" Node_id="100" >
				<Connector Identifier="GenericChildren">
					<Node Name="JumpRightRun" Operation="JumpRightRun" Type="Action" Node_id="101" />
				</Connector>
			</Node>
		</Connector>
	</Node>
 <Node Name="WalkLeft" Type="Action" />
 </Connector>
</Node>
 </Connector>
 </Node>
 </Node>
 </Behavior>

