<?xml version="1.0" encoding="utf-8"?>
 <Behavior>
 <Node Name="GE_BT3" Type="Root" >
 <Node Type="Selector" Name="rootSelector" >
 <Connector Identifier="GenericChildren">
  <Node Type="Sequence" Name="BehaviourBlock" >
 <Connector Identifier="GenericChildren">
 <Node Name="HoleAhead" Type="Condition" />
 <Node Type="Sequence" Name="mySequence" >
 <Connector Identifier="GenericChildren">
 <Node Name="Fire" Type="Action" />
 	<Node Name="UseRightGap" Type="Sequence" Node_id="66" >
		<Connector Identifier="GenericChildren">
			<Node Name="GoGapOnRight" Operation="GoGapOnRight" Type="Action" Node_id="67" />
			<Node Name="JumpRightLongModified" Type="Sequence" Node_id="68" >
				<Connector Identifier="GenericChildren">
					<Node Name="NOP" Operation="NOP" Type="Action" Node_id="69" />
					<Node Filter_Type="Loop" Name="Loop_Make_Jump" Times="2" Type="Filter" Node_id="70" >
						<Connector Identifier="GenericChildren">
							<Node Name="VerticalJump" Operation="VerticalJump" Type="Action" Node_id="71" />
						</Connector>
					</Node>
					<Node Filter_Type="Loop" Name="Loop_Make_Jump" Times="9" Type="Filter" Node_id="72" >
						<Connector Identifier="GenericChildren">
							<Node Name="JumpRight" Operation="JumpRight" Type="Action" Node_id="73" />
						</Connector>
					</Node>
				</Connector>
			</Node>
		</Connector>
	</Node>
 </Connector>
</Node>
 </Connector>
</Node>
  <Node Type="Sequence" Name="BehaviourBlock" >
 <Connector Identifier="GenericChildren">
 <Node Name="JumpableEnemyBack" Type="Condition" />
 <Node Filter_Type="Non" Name="non" Type="Filter" >
 <Connector Identifier="GenericChildren">
 <Node Type="Sequence" Name="mySequence" >
 <Connector Identifier="GenericChildren">
 	<Node Name="JumpRightRunShort" Type="Sequence" Node_id="186" >
		<Connector Identifier="GenericChildren">
			<Node Name="NOP" Operation="NOP" Type="Action" Node_id="187" />
			<Node Filter_Type="Loop" Name="Loop_Run" Times="3" Type="Filter" Node_id="191" >
				<Connector Identifier="GenericChildren">
					<Node Name="JumpRightRun" Operation="JumpRightRun" Type="Action" Node_id="190" />
				</Connector>
			</Node>
		</Connector>
	</Node>
 <Node Name="WalkRight" Type="Action" />
 	<Node Name="JumpLeftRunLong" Type="Sequence" Node_id="82" >
		<Connector Identifier="GenericChildren">
			<Node Name="NOP" Operation="NOP" Type="Action" Node_id="83" />
			<Node Filter_Type="Loop" Name="Loop_Run" Times="9" Type="Filter" Node_id="84" >
				<Connector Identifier="GenericChildren">
					<Node Name="JumpLeftRun" Operation="JumpLeftRun" Type="Action" Node_id="85" />
				</Connector>
			</Node>
		</Connector>
	</Node>
 <Node Name="Down" Type="Action" />
 <Node Name="RunLeft" Type="Action" />
 <Node Name="Fire" Type="Action" />
 <Node Name="Fire" Type="Action" />
 	<Node Name="VerticalJumpShort" Type="Sequence" Node_id="213" >
		<Connector Identifier="GenericChildren">
			<Node Name="NOP" Operation="NOP" Type="Action" Node_id="214" />
			<Node Filter_Type="Loop" Name="Loop_Run" Times="3" Type="Filter" Node_id="218" >
				<Connector Identifier="GenericChildren">
					<Node Name="VerticalJump" Operation="VerticalJump" Type="Action" Node_id="215" />
				</Connector>
			</Node>
		</Connector>
	</Node>
 	<Node Name="WalkRightSafe" Type="Selector" Node_id="360" >
		<Connector Identifier="GenericChildren">
			<Node Name="Hole" Type="Sequence" Node_id="361" >
				<Connector Identifier="GenericChildren">
					<Node Name="HoleAhead" Operation="HoleAhead" Type="Condition" Node_id="362" />
					<Node Name="JumpRightRunLong" Type="Sequence" Node_id="363" >
						<Connector Identifier="GenericChildren">
							<Node Name="NOP" Operation="NOP" Type="Action" Node_id="364" />
							<Node Filter_Type="Loop" Name="Loop_Run" Times="9" Type="Filter" Node_id="365" >
								<Connector Identifier="GenericChildren">
									<Node Name="JumpRightRun" Operation="JumpRightRun" Type="Action" Node_id="366" />
								</Connector>
							</Node>
						</Connector>
					</Node>
				</Connector>
			</Node>
			<Node Name="Obstacle" Type="Sequence" Node_id="367" >
				<Connector Identifier="GenericChildren">
					<Node Name="ObstacleAhead" Operation="ObstacleAhead" Type="Condition" Node_id="368" />
					<Node Name="JumpRightRunLong" Type="Sequence" Node_id="369" >
						<Connector Identifier="GenericChildren">
							<Node Name="NOP" Operation="NOP" Type="Action" Node_id="370" />
							<Node Filter_Type="Loop" Name="Loop_Run" Times="9" Type="Filter" Node_id="371" >
								<Connector Identifier="GenericChildren">
									<Node Name="JumpRightRun" Operation="JumpRightRun" Type="Action" Node_id="372" />
								</Connector>
							</Node>
						</Connector>
					</Node>
				</Connector>
			</Node>
			<Node Name="jumpableEnemy" Type="Sequence" Node_id="373" >
				<Connector Identifier="GenericChildren">
					<Node Name="JumpableEnemyAhead" Operation="JumpableEnemyAhead" Type="Condition" Node_id="374" />
					<Node Name="JumpRightShort" Type="Sequence" Node_id="375" >
						<Connector Identifier="GenericChildren">
							<Node Name="NOP" Operation="NOP" Type="Action" Node_id="376" />
							<Node Filter_Type="Loop" Name="Loop_Run" Times="3" Type="Filter" Node_id="377" >
								<Connector Identifier="GenericChildren">
									<Node Name="JumpRight" Operation="JumpRight" Type="Action" Node_id="378" />
								</Connector>
							</Node>
						</Connector>
					</Node>
				</Connector>
			</Node>
			<Node Name="noJumpableEnemy" Type="Sequence" Node_id="379" >
				<Connector Identifier="GenericChildren">
					<Node Name="NoJumpableEnemyAhead" Operation="NoJumpableEnemyAhead" Type="Condition" Node_id="380" />
					<Node Name="JumpRightRunLong" Type="Sequence" Node_id="381" >
						<Connector Identifier="GenericChildren">
							<Node Name="NOP" Operation="NOP" Type="Action" Node_id="382" />
							<Node Filter_Type="Loop" Name="Loop_Run" Times="9" Type="Filter" Node_id="383" >
								<Connector Identifier="GenericChildren">
									<Node Name="JumpRightRun" Operation="JumpRightRun" Type="Action" Node_id="384" />
								</Connector>
							</Node>
						</Connector>
					</Node>
				</Connector>
			</Node>
			<Node Name="WalkRight" Operation="WalkRight" Type="Action" Node_id="385" />
		</Connector>
	</Node>
 </Connector>
</Node>
 </Connector>
</Node>
 </Connector>
</Node>
  <Node Type="Sequence" Name="BehaviourBlock" >
 <Connector Identifier="GenericChildren">
 <Node Name="IsStuck" Type="Condition" />
 <Node Name="IsPushableUpBack" Type="Condition" />
 <Node Type="Sequence" Name="mySequence" >
 <Connector Identifier="GenericChildren">
 <Node Name="WalkRight" Type="Action" />
 <Node Name="RunLeft" Type="Action" />
 	<Node Name="JumpLeftRunShort" Type="Sequence" Node_id="138" >
		<Connector Identifier="GenericChildren">
			<Node Name="NOP" Operation="NOP" Type="Action" Node_id="139" />
			<Node Filter_Type="Loop" Name="Loop_Run" Times="3" Type="Filter" Node_id="143" >
				<Connector Identifier="GenericChildren">
					<Node Name="JumpLeftRun" Operation="JumpLeftRun" Type="Action" Node_id="144" />
				</Connector>
			</Node>
		</Connector>
	</Node>
 	<Node Name="JumpRightLong" Type="Sequence" Node_id="93" >
		<Connector Identifier="GenericChildren">
			<Node Name="NOP" Operation="NOP" Type="Action" Node_id="94" />
			<Node Filter_Type="Loop" Name="Loop_Make_Jump" Times="9" Type="Filter" Node_id="95" >
				<Connector Identifier="GenericChildren">
					<Node Name="JumpRight" Operation="JumpRight" Type="Action" Node_id="96" />
				</Connector>
			</Node>
		</Connector>
	</Node>
 	<Node Name="WalkRightSafe" Type="Selector" Node_id="360" >
		<Connector Identifier="GenericChildren">
			<Node Name="Hole" Type="Sequence" Node_id="361" >
				<Connector Identifier="GenericChildren">
					<Node Name="HoleAhead" Operation="HoleAhead" Type="Condition" Node_id="362" />
					<Node Name="JumpRightRunLong" Type="Sequence" Node_id="363" >
						<Connector Identifier="GenericChildren">
							<Node Name="NOP" Operation="NOP" Type="Action" Node_id="364" />
							<Node Filter_Type="Loop" Name="Loop_Run" Times="9" Type="Filter" Node_id="365" >
								<Connector Identifier="GenericChildren">
									<Node Name="JumpRightRun" Operation="JumpRightRun" Type="Action" Node_id="366" />
								</Connector>
							</Node>
						</Connector>
					</Node>
				</Connector>
			</Node>
			<Node Name="Obstacle" Type="Sequence" Node_id="367" >
				<Connector Identifier="GenericChildren">
					<Node Name="ObstacleAhead" Operation="ObstacleAhead" Type="Condition" Node_id="368" />
					<Node Name="JumpRightRunLong" Type="Sequence" Node_id="369" >
						<Connector Identifier="GenericChildren">
							<Node Name="NOP" Operation="NOP" Type="Action" Node_id="370" />
							<Node Filter_Type="Loop" Name="Loop_Run" Times="9" Type="Filter" Node_id="371" >
								<Connector Identifier="GenericChildren">
									<Node Name="JumpRightRun" Operation="JumpRightRun" Type="Action" Node_id="372" />
								</Connector>
							</Node>
						</Connector>
					</Node>
				</Connector>
			</Node>
			<Node Name="jumpableEnemy" Type="Sequence" Node_id="373" >
				<Connector Identifier="GenericChildren">
					<Node Name="JumpableEnemyAhead" Operation="JumpableEnemyAhead" Type="Condition" Node_id="374" />
					<Node Name="JumpRightShort" Type="Sequence" Node_id="375" >
						<Connector Identifier="GenericChildren">
							<Node Name="NOP" Operation="NOP" Type="Action" Node_id="376" />
							<Node Filter_Type="Loop" Name="Loop_Run" Times="3" Type="Filter" Node_id="377" >
								<Connector Identifier="GenericChildren">
									<Node Name="JumpRight" Operation="JumpRight" Type="Action" Node_id="378" />
								</Connector>
							</Node>
						</Connector>
					</Node>
				</Connector>
			</Node>
			<Node Name="noJumpableEnemy" Type="Sequence" Node_id="379" >
				<Connector Identifier="GenericChildren">
					<Node Name="NoJumpableEnemyAhead" Operation="NoJumpableEnemyAhead" Type="Condition" Node_id="380" />
					<Node Name="JumpRightRunLong" Type="Sequence" Node_id="381" >
						<Connector Identifier="GenericChildren">
							<Node Name="NOP" Operation="NOP" Type="Action" Node_id="382" />
							<Node Filter_Type="Loop" Name="Loop_Run" Times="9" Type="Filter" Node_id="383" >
								<Connector Identifier="GenericChildren">
									<Node Name="JumpRightRun" Operation="JumpRightRun" Type="Action" Node_id="384" />
								</Connector>
							</Node>
						</Connector>
					</Node>
				</Connector>
			</Node>
			<Node Name="WalkRight" Operation="WalkRight" Type="Action" Node_id="385" />
		</Connector>
	</Node>
 </Connector>
</Node>
 </Connector>
</Node>
  <Node Type="Sequence" Name="BehaviourBlock" >
 <Connector Identifier="GenericChildren">
 <Node Name="IsPushableUp" Type="Condition" />
 <Node Name="ObstacleBack" Type="Condition" />
 <Node Filter_Type="Until_Fails_Limited" Name="UFL" Times="2" Type="Filter" >
 <Connector Identifier="GenericChildren">
 <Node Type="Sequence" Name="mySequence" >
 <Connector Identifier="GenericChildren">
 	<Node Name="JumpRightLong" Type="Sequence" Node_id="93" >
		<Connector Identifier="GenericChildren">
			<Node Name="NOP" Operation="NOP" Type="Action" Node_id="94" />
			<Node Filter_Type="Loop" Name="Loop_Make_Jump" Times="9" Type="Filter" Node_id="95" >
				<Connector Identifier="GenericChildren">
					<Node Name="JumpRight" Operation="JumpRight" Type="Action" Node_id="96" />
				</Connector>
			</Node>
		</Connector>
	</Node>
 </Connector>
</Node>
 </Connector>
</Node>
 </Connector>
</Node>
  <Node Type="Sequence" Name="BehaviourBlock" >
 <Connector Identifier="GenericChildren">
 <Node Name="EnemyBackUp" Type="Condition" />
 <Node Name="IsBreakableUpAhead" Type="Condition" />
 <Node Type="Sequence" Name="mySequence" >
 <Connector Identifier="GenericChildren">
 <Node Name="RunLeft" Type="Action" />
 <Node Name="WalkRight" Type="Action" />
 	<Node Name="RunLeftSafe" Type="Selector" Node_id="304" >
		<Connector Identifier="GenericChildren">
			<Node Name="Hole" Type="Sequence" Node_id="305" >
				<Connector Identifier="GenericChildren">
					<Node Name="HoleBack" Operation="HoleBack" Type="Condition" Node_id="306" />
					<Node Name="JumpLeftRunLong" Type="Sequence" Node_id="307" >
						<Connector Identifier="GenericChildren">
							<Node Name="NOP" Operation="NOP" Type="Action" Node_id="308" />
							<Node Filter_Type="Loop" Name="Loop_Run" Times="9" Type="Filter" Node_id="309" >
								<Connector Identifier="GenericChildren">
									<Node Name="JumpLeftRun" Operation="JumpLeftRun" Type="Action" Node_id="310" />
								</Connector>
							</Node>
						</Connector>
					</Node>
				</Connector>
			</Node>
			<Node Name="Obstacle" Type="Sequence" Node_id="311" >
				<Connector Identifier="GenericChildren">
					<Node Name="ObstacleBack" Operation="ObstacleBack" Type="Condition" Node_id="312" />
					<Node Name="JumpLeftRunLong" Type="Sequence" Node_id="313" >
						<Connector Identifier="GenericChildren">
							<Node Name="NOP" Operation="NOP" Type="Action" Node_id="314" />
							<Node Filter_Type="Loop" Name="Loop_Run" Times="9" Type="Filter" Node_id="315" >
								<Connector Identifier="GenericChildren">
									<Node Name="JumpLeftRun" Operation="JumpLeftRun" Type="Action" Node_id="316" />
								</Connector>
							</Node>
						</Connector>
					</Node>
				</Connector>
			</Node>
			<Node Name="jumpableEnemy" Type="Sequence" Node_id="317" >
				<Connector Identifier="GenericChildren">
					<Node Name="JumpableEnemyBack" Operation="JumpableEnemyBack" Type="Condition" Node_id="318" />
					<Node Name="JumpLeftShort" Type="Sequence" Node_id="319" >
						<Connector Identifier="GenericChildren">
							<Node Name="NOP" Operation="NOP" Type="Action" Node_id="320" />
							<Node Filter_Type="Loop" Name="Loop_Run" Times="3" Type="Filter" Node_id="321" >
								<Connector Identifier="GenericChildren">
									<Node Name="JumpLeft" Operation="JumpLeft" Type="Action" Node_id="322" />
								</Connector>
							</Node>
						</Connector>
					</Node>
				</Connector>
			</Node>
			<Node Name="noJumpableEnemy" Type="Sequence" Node_id="323" >
				<Connector Identifier="GenericChildren">
					<Node Name="NoJumpableEnemyBack" Operation="NoJumpableEnemyBack" Type="Condition" Node_id="324" />
					<Node Name="JumpLeftRunLong" Type="Sequence" Node_id="325" >
						<Connector Identifier="GenericChildren">
							<Node Name="NOP" Operation="NOP" Type="Action" Node_id="326" />
							<Node Filter_Type="Loop" Name="Loop_Run" Times="9" Type="Filter" Node_id="327" >
								<Connector Identifier="GenericChildren">
									<Node Name="JumpLeftRun" Operation="JumpLeftRun" Type="Action" Node_id="328" />
								</Connector>
							</Node>
						</Connector>
					</Node>
				</Connector>
			</Node>
			<Node Name="RunLeft" Operation="RunLeft" Type="Action" Node_id="329" />
		</Connector>
	</Node>
 	<Node Name="JumpLeftRunShort" Type="Sequence" Node_id="138" >
		<Connector Identifier="GenericChildren">
			<Node Name="NOP" Operation="NOP" Type="Action" Node_id="139" />
			<Node Filter_Type="Loop" Name="Loop_Run" Times="3" Type="Filter" Node_id="143" >
				<Connector Identifier="GenericChildren">
					<Node Name="JumpLeftRun" Operation="JumpLeftRun" Type="Action" Node_id="144" />
				</Connector>
			</Node>
		</Connector>
	</Node>
 	<Node Name="WalkRightSafe" Type="Selector" Node_id="360" >
		<Connector Identifier="GenericChildren">
			<Node Name="Hole" Type="Sequence" Node_id="361" >
				<Connector Identifier="GenericChildren">
					<Node Name="HoleAhead" Operation="HoleAhead" Type="Condition" Node_id="362" />
					<Node Name="JumpRightRunLong" Type="Sequence" Node_id="363" >
						<Connector Identifier="GenericChildren">
							<Node Name="NOP" Operation="NOP" Type="Action" Node_id="364" />
							<Node Filter_Type="Loop" Name="Loop_Run" Times="9" Type="Filter" Node_id="365" >
								<Connector Identifier="GenericChildren">
									<Node Name="JumpRightRun" Operation="JumpRightRun" Type="Action" Node_id="366" />
								</Connector>
							</Node>
						</Connector>
					</Node>
				</Connector>
			</Node>
			<Node Name="Obstacle" Type="Sequence" Node_id="367" >
				<Connector Identifier="GenericChildren">
					<Node Name="ObstacleAhead" Operation="ObstacleAhead" Type="Condition" Node_id="368" />
					<Node Name="JumpRightRunLong" Type="Sequence" Node_id="369" >
						<Connector Identifier="GenericChildren">
							<Node Name="NOP" Operation="NOP" Type="Action" Node_id="370" />
							<Node Filter_Type="Loop" Name="Loop_Run" Times="9" Type="Filter" Node_id="371" >
								<Connector Identifier="GenericChildren">
									<Node Name="JumpRightRun" Operation="JumpRightRun" Type="Action" Node_id="372" />
								</Connector>
							</Node>
						</Connector>
					</Node>
				</Connector>
			</Node>
			<Node Name="jumpableEnemy" Type="Sequence" Node_id="373" >
				<Connector Identifier="GenericChildren">
					<Node Name="JumpableEnemyAhead" Operation="JumpableEnemyAhead" Type="Condition" Node_id="374" />
					<Node Name="JumpRightShort" Type="Sequence" Node_id="375" >
						<Connector Identifier="GenericChildren">
							<Node Name="NOP" Operation="NOP" Type="Action" Node_id="376" />
							<Node Filter_Type="Loop" Name="Loop_Run" Times="3" Type="Filter" Node_id="377" >
								<Connector Identifier="GenericChildren">
									<Node Name="JumpRight" Operation="JumpRight" Type="Action" Node_id="378" />
								</Connector>
							</Node>
						</Connector>
					</Node>
				</Connector>
			</Node>
			<Node Name="noJumpableEnemy" Type="Sequence" Node_id="379" >
				<Connector Identifier="GenericChildren">
					<Node Name="NoJumpableEnemyAhead" Operation="NoJumpableEnemyAhead" Type="Condition" Node_id="380" />
					<Node Name="JumpRightRunLong" Type="Sequence" Node_id="381" >
						<Connector Identifier="GenericChildren">
							<Node Name="NOP" Operation="NOP" Type="Action" Node_id="382" />
							<Node Filter_Type="Loop" Name="Loop_Run" Times="9" Type="Filter" Node_id="383" >
								<Connector Identifier="GenericChildren">
									<Node Name="JumpRightRun" Operation="JumpRightRun" Type="Action" Node_id="384" />
								</Connector>
							</Node>
						</Connector>
					</Node>
				</Connector>
			</Node>
			<Node Name="WalkRight" Operation="WalkRight" Type="Action" Node_id="385" />
		</Connector>
	</Node>
 </Connector>
</Node>
 </Connector>
</Node>
  <Node Type="Sequence" Name="defaultSequence" >
 <Connector Identifier="GenericChildren">
 	<Node Name="WalkRightSafe" Type="Selector" Node_id="360" >
		<Connector Identifier="GenericChildren">
			<Node Name="Hole" Type="Sequence" Node_id="361" >
				<Connector Identifier="GenericChildren">
					<Node Name="HoleAhead" Operation="HoleAhead" Type="Condition" Node_id="362" />
					<Node Name="JumpRightRunLong" Type="Sequence" Node_id="363" >
						<Connector Identifier="GenericChildren">
							<Node Name="NOP" Operation="NOP" Type="Action" Node_id="364" />
							<Node Filter_Type="Loop" Name="Loop_Run" Times="9" Type="Filter" Node_id="365" >
								<Connector Identifier="GenericChildren">
									<Node Name="JumpRightRun" Operation="JumpRightRun" Type="Action" Node_id="366" />
								</Connector>
							</Node>
						</Connector>
					</Node>
				</Connector>
			</Node>
			<Node Name="Obstacle" Type="Sequence" Node_id="367" >
				<Connector Identifier="GenericChildren">
					<Node Name="ObstacleAhead" Operation="ObstacleAhead" Type="Condition" Node_id="368" />
					<Node Name="JumpRightRunLong" Type="Sequence" Node_id="369" >
						<Connector Identifier="GenericChildren">
							<Node Name="NOP" Operation="NOP" Type="Action" Node_id="370" />
							<Node Filter_Type="Loop" Name="Loop_Run" Times="9" Type="Filter" Node_id="371" >
								<Connector Identifier="GenericChildren">
									<Node Name="JumpRightRun" Operation="JumpRightRun" Type="Action" Node_id="372" />
								</Connector>
							</Node>
						</Connector>
					</Node>
				</Connector>
			</Node>
			<Node Name="jumpableEnemy" Type="Sequence" Node_id="373" >
				<Connector Identifier="GenericChildren">
					<Node Name="JumpableEnemyAhead" Operation="JumpableEnemyAhead" Type="Condition" Node_id="374" />
					<Node Name="JumpRightShort" Type="Sequence" Node_id="375" >
						<Connector Identifier="GenericChildren">
							<Node Name="NOP" Operation="NOP" Type="Action" Node_id="376" />
							<Node Filter_Type="Loop" Name="Loop_Run" Times="3" Type="Filter" Node_id="377" >
								<Connector Identifier="GenericChildren">
									<Node Name="JumpRight" Operation="JumpRight" Type="Action" Node_id="378" />
								</Connector>
							</Node>
						</Connector>
					</Node>
				</Connector>
			</Node>
			<Node Name="noJumpableEnemy" Type="Sequence" Node_id="379" >
				<Connector Identifier="GenericChildren">
					<Node Name="NoJumpableEnemyAhead" Operation="NoJumpableEnemyAhead" Type="Condition" Node_id="380" />
					<Node Name="JumpRightRunLong" Type="Sequence" Node_id="381" >
						<Connector Identifier="GenericChildren">
							<Node Name="NOP" Operation="NOP" Type="Action" Node_id="382" />
							<Node Filter_Type="Loop" Name="Loop_Run" Times="9" Type="Filter" Node_id="383" >
								<Connector Identifier="GenericChildren">
									<Node Name="JumpRightRun" Operation="JumpRightRun" Type="Action" Node_id="384" />
								</Connector>
							</Node>
						</Connector>
					</Node>
				</Connector>
			</Node>
			<Node Name="WalkRight" Operation="WalkRight" Type="Action" Node_id="385" />
		</Connector>
	</Node>
 </Connector>
</Node>
 </Connector>
 </Node>
 </Node>
 </Behavior>

