<?xml version="1.0" encoding="utf-8"?>
 <Behavior>
 <Node Name="GE_BT3" Type="Root" >
 <Node Type="Selector" Name="rootSelector" >
 <Connector Identifier="GenericChildren">
  <Node Type="Sequence" Name="BehaviourBlock" >
 <Connector Identifier="GenericChildren">
 <Node Name="IsStuck" Type="Condition" />
 <Node Filter_Type="Until_Fails_Limited" Name="UFL" Times="6" Type="Filter" >
 <Connector Identifier="GenericChildren">
 <Node Type="Sequence" Name="mySequence" >
 <Connector Identifier="GenericChildren">
 <Node Name="NOP" Type="Action" />
 <Node Name="NOP" Type="Action" />
 <Node Name="NOP" Type="Action" />
 <Node Name="Speed" Type="Action" />
 <Node Name="RunLeft" Type="Action" />
 	<Node Name="JumpLeftRunShort" Type="Sequence" Node_id="138" >
		<Connector Identifier="GenericChildren">
			<Node Name="NOP" Operation="NOP" Type="Action" Node_id="139" />
			<Node Filter_Type="Loop" Name="Loop_Run" Times="3" Type="Filter" Node_id="143" >
				<Connector Identifier="GenericChildren">
					<Node Name="JumpLeftRun" Operation="JumpLeftRun" Type="Action" Node_id="144" />
				</Connector>
			</Node>
		</Connector>
	</Node>
 <Node Name="Fire" Type="Action" />
 	<Node Name="JumpRightShort" Type="Sequence" Node_id="194" >
		<Connector Identifier="GenericChildren">
			<Node Name="NOP" Operation="NOP" Type="Action" Node_id="195" />
			<Node Filter_Type="Loop" Name="Loop_Run" Times="3" Type="Filter" Node_id="199" >
				<Connector Identifier="GenericChildren">
					<Node Name="JumpRight" Operation="JumpRight" Type="Action" Node_id="197" />
				</Connector>
			</Node>
		</Connector>
	</Node>
 	<Node Name="RunRightSafe" Type="Selector" Node_id="293" >
		<Connector Identifier="GenericChildren">
			<Node Name="Hole" Type="Sequence" Node_id="294" >
				<Connector Identifier="GenericChildren">
					<Node Name="HoleAhead" Operation="HoleAhead" Type="Condition" Node_id="295" />
					<Node Name="JumpRightRunLong" Type="Sequence" Node_id="301" >
						<Connector Identifier="GenericChildren">
							<Node Name="NOP" Operation="NOP" Type="Action" Node_id="302" />
							<Node Filter_Type="Loop" Name="Loop_Run" Times="9" Type="Filter" Node_id="303" >
								<Connector Identifier="GenericChildren">
									<Node Name="JumpRightRun" Operation="JumpRightRun" Type="Action" Node_id="304" />
								</Connector>
							</Node>
						</Connector>
					</Node>
				</Connector>
			</Node>
			<Node Name="Obstacle" Type="Sequence" Node_id="305" >
				<Connector Identifier="GenericChildren">
					<Node Name="ObstacleAhead" Operation="ObstacleAhead" Type="Condition" Node_id="306" />
					<Node Name="JumpRightRunLong" Type="Sequence" Node_id="307" >
						<Connector Identifier="GenericChildren">
							<Node Name="NOP" Operation="NOP" Type="Action" Node_id="308" />
							<Node Filter_Type="Loop" Name="Loop_Run" Times="9" Type="Filter" Node_id="309" >
								<Connector Identifier="GenericChildren">
									<Node Name="JumpRightRun" Operation="JumpRightRun" Type="Action" Node_id="310" />
								</Connector>
							</Node>
						</Connector>
					</Node>
				</Connector>
			</Node>
			<Node Name="jumpableEnemy" Type="Sequence" Node_id="311" >
				<Connector Identifier="GenericChildren">
					<Node Name="JumpableEnemyAhead" Operation="JumpableEnemyAhead" Type="Condition" Node_id="312" />
					<Node Name="JumpRightShort" Type="Sequence" Node_id="328" >
						<Connector Identifier="GenericChildren">
							<Node Name="NOP" Operation="NOP" Type="Action" Node_id="329" />
							<Node Filter_Type="Loop" Name="Loop_Run" Times="3" Type="Filter" Node_id="330" >
								<Connector Identifier="GenericChildren">
									<Node Name="JumpRight" Operation="JumpRight" Type="Action" Node_id="331" />
								</Connector>
							</Node>
						</Connector>
					</Node>
				</Connector>
			</Node>
			<Node Name="noJumpableEnemy" Type="Sequence" Node_id="317" >
				<Connector Identifier="GenericChildren">
					<Node Name="NoJumpableEnemyAhead" Operation="NoJumpableEnemyAhead" Type="Condition" Node_id="318" />
					<Node Name="JumpRightRunLong" Type="Sequence" Node_id="319" >
						<Connector Identifier="GenericChildren">
							<Node Name="NOP" Operation="NOP" Type="Action" Node_id="320" />
							<Node Filter_Type="Loop" Name="Loop_Run" Times="9" Type="Filter" Node_id="321" >
								<Connector Identifier="GenericChildren">
									<Node Name="JumpRightRun" Operation="JumpRightRun" Type="Action" Node_id="322" />
								</Connector>
							</Node>
						</Connector>
					</Node>
				</Connector>
			</Node>
			<Node Name="RunRight" Operation="RunRight" Type="Action" Node_id="332" />
		</Connector>
	</Node>
 	<Node Name="RunLeftSafe" Type="Selector" Node_id="304" >
		<Connector Identifier="GenericChildren">
			<Node Name="Hole" Type="Sequence" Node_id="305" >
				<Connector Identifier="GenericChildren">
					<Node Name="HoleBack" Operation="HoleBack" Type="Condition" Node_id="306" />
					<Node Name="JumpLeftRunLong" Type="Sequence" Node_id="307" >
						<Connector Identifier="GenericChildren">
							<Node Name="NOP" Operation="NOP" Type="Action" Node_id="308" />
							<Node Filter_Type="Loop" Name="Loop_Run" Times="9" Type="Filter" Node_id="309" >
								<Connector Identifier="GenericChildren">
									<Node Name="JumpLeftRun" Operation="JumpLeftRun" Type="Action" Node_id="310" />
								</Connector>
							</Node>
						</Connector>
					</Node>
				</Connector>
			</Node>
			<Node Name="Obstacle" Type="Sequence" Node_id="311" >
				<Connector Identifier="GenericChildren">
					<Node Name="ObstacleBack" Operation="ObstacleBack" Type="Condition" Node_id="312" />
					<Node Name="JumpLeftRunLong" Type="Sequence" Node_id="313" >
						<Connector Identifier="GenericChildren">
							<Node Name="NOP" Operation="NOP" Type="Action" Node_id="314" />
							<Node Filter_Type="Loop" Name="Loop_Run" Times="9" Type="Filter" Node_id="315" >
								<Connector Identifier="GenericChildren">
									<Node Name="JumpLeftRun" Operation="JumpLeftRun" Type="Action" Node_id="316" />
								</Connector>
							</Node>
						</Connector>
					</Node>
				</Connector>
			</Node>
			<Node Name="jumpableEnemy" Type="Sequence" Node_id="317" >
				<Connector Identifier="GenericChildren">
					<Node Name="JumpableEnemyBack" Operation="JumpableEnemyBack" Type="Condition" Node_id="318" />
					<Node Name="JumpLeftShort" Type="Sequence" Node_id="319" >
						<Connector Identifier="GenericChildren">
							<Node Name="NOP" Operation="NOP" Type="Action" Node_id="320" />
							<Node Filter_Type="Loop" Name="Loop_Run" Times="3" Type="Filter" Node_id="321" >
								<Connector Identifier="GenericChildren">
									<Node Name="JumpLeft" Operation="JumpLeft" Type="Action" Node_id="322" />
								</Connector>
							</Node>
						</Connector>
					</Node>
				</Connector>
			</Node>
			<Node Name="noJumpableEnemy" Type="Sequence" Node_id="323" >
				<Connector Identifier="GenericChildren">
					<Node Name="NoJumpableEnemyBack" Operation="NoJumpableEnemyBack" Type="Condition" Node_id="324" />
					<Node Name="JumpLeftRunLong" Type="Sequence" Node_id="325" >
						<Connector Identifier="GenericChildren">
							<Node Name="NOP" Operation="NOP" Type="Action" Node_id="326" />
							<Node Filter_Type="Loop" Name="Loop_Run" Times="9" Type="Filter" Node_id="327" >
								<Connector Identifier="GenericChildren">
									<Node Name="JumpLeftRun" Operation="JumpLeftRun" Type="Action" Node_id="328" />
								</Connector>
							</Node>
						</Connector>
					</Node>
				</Connector>
			</Node>
			<Node Name="RunLeft" Operation="RunLeft" Type="Action" Node_id="329" />
		</Connector>
	</Node>
 <Node Name="Down" Type="Action" />
 	<Node Name="JumpRightRunLong" Type="Sequence" Node_id="98" >
		<Connector Identifier="GenericChildren">
			<Node Name="NOP" Operation="NOP" Type="Action" Node_id="99" />
			<Node Filter_Type="Loop" Name="Loop_Run" Times="9" Type="Filter" Node_id="100" >
				<Connector Identifier="GenericChildren">
					<Node Name="JumpRightRun" Operation="JumpRightRun" Type="Action" Node_id="101" />
				</Connector>
			</Node>
		</Connector>
	</Node>
 	<Node Name="Avoid_RightTrap" Type="Sequence" Node_id="16" >
		<Connector Identifier="GenericChildren">
			<Node Name="IsARightTrap" Operation="IsARightTrap" Type="Condition" Node_id="17" />
			<Node Filter_Type="Until_Fails" Name="GetOutOfHere" Type="Filter" Node_id="18" >
				<Connector Identifier="GenericChildren">
					<Node Name="WhatToDo" Type="Selector" Node_id="19" >
						<Connector Identifier="GenericChildren">
							<Node Name="DetectGap" Type="Selector" Node_id="20" >
								<Connector Identifier="GenericChildren">
									<Node Name="GoALot" Type="Sequence" Node_id="21" >
										<Connector Identifier="GenericChildren">
											<Node Filter_Type="Non" Name="NON" Type="Filter" Node_id="22" >
												<Connector Identifier="GenericChildren">
													<Node Name="CanIStopRunning" Operation="CanIStopRunning" Type="Sequence" Node_id="23" >
														<Connector Identifier="GenericChildren">
															<Node Name="IsTrapRightEnded" Operation="IsTrapRightEnded" Type="Condition" Node_id="24" />
															<Node Name="IsGapOnRight" Operation="IsGapOnRight" Type="Condition" Node_id="25" />
														</Connector>
													</Node>
												</Connector>
											</Node>
											<Node Filter_Type="Non" Name="NON" Type="Filter" Node_id="26" >
												<Connector Identifier="GenericChildren">
													<Node Name="IsStuck" Operation="IsStuck" Type="Condition" Node_id="27" />
												</Connector>
											</Node>
											<Node Name="RunLeftSafe" Type="Selector" Node_id="28" >
												<Connector Identifier="GenericChildren">
													<Node Name="Hole" Type="Sequence" Node_id="29" >
														<Connector Identifier="GenericChildren">
															<Node Name="HoleBack" Operation="HoleBack" Type="Condition" Node_id="30" />
															<Node Name="JumpLeftRunLong" Type="Sequence" Node_id="31" >
																<Connector Identifier="GenericChildren">
																	<Node Name="NOP" Operation="NOP" Type="Action" Node_id="32" />
																	<Node Filter_Type="Loop" Name="Loop_Run" Times="9" Type="Filter" Node_id="33" >
																		<Connector Identifier="GenericChildren">
																			<Node Name="JumpLeftRun" Operation="JumpLeftRun" Type="Action" Node_id="34" />
																		</Connector>
																	</Node>
																</Connector>
															</Node>
														</Connector>
													</Node>
													<Node Name="Obstacle" Type="Sequence" Node_id="35" >
														<Connector Identifier="GenericChildren">
															<Node Name="ObstacleBack" Operation="ObstacleBack" Type="Condition" Node_id="36" />
															<Node Name="JumpLeftRunLong" Type="Sequence" Node_id="37" >
																<Connector Identifier="GenericChildren">
																	<Node Name="NOP" Operation="NOP" Type="Action" Node_id="38" />
																	<Node Filter_Type="Loop" Name="Loop_Run" Times="9" Type="Filter" Node_id="39" >
																		<Connector Identifier="GenericChildren">
																			<Node Name="JumpLeftRun" Operation="JumpLeftRun" Type="Action" Node_id="40" />
																		</Connector>
																	</Node>
																</Connector>
															</Node>
														</Connector>
													</Node>
													<Node Name="jumpableEnemy" Type="Sequence" Node_id="41" >
														<Connector Identifier="GenericChildren">
															<Node Name="JumpableEnemyBack" Operation="JumpableEnemyBack" Type="Condition" Node_id="42" />
															<Node Name="JumpLeftShort" Type="Sequence" Node_id="43" >
																<Connector Identifier="GenericChildren">
																	<Node Name="NOP" Operation="NOP" Type="Action" Node_id="44" />
																	<Node Filter_Type="Loop" Name="Loop_Run" Times="3" Type="Filter" Node_id="45" >
																		<Connector Identifier="GenericChildren">
																			<Node Name="JumpLeft" Operation="JumpLeft" Type="Action" Node_id="46" />
																		</Connector>
																	</Node>
																</Connector>
															</Node>
														</Connector>
													</Node>
													<Node Name="noJumpableEnemy" Type="Sequence" Node_id="47" >
														<Connector Identifier="GenericChildren">
															<Node Name="NoJumpableEnemyBack" Operation="NoJumpableEnemyBack" Type="Condition" Node_id="48" />
															<Node Name="JumpLeftRunLong" Type="Sequence" Node_id="49" >
																<Connector Identifier="GenericChildren">
																	<Node Name="NOP" Operation="NOP" Type="Action" Node_id="50" />
																	<Node Filter_Type="Loop" Name="Loop_Run" Times="9" Type="Filter" Node_id="51" >
																		<Connector Identifier="GenericChildren">
																			<Node Name="JumpLeftRun" Operation="JumpLeftRun" Type="Action" Node_id="52" />
																		</Connector>
																	</Node>
																</Connector>
															</Node>
														</Connector>
													</Node>
													<Node Name="RunLeft" Operation="RunLeft" Type="Action" Node_id="53" />
												</Connector>
											</Node>
										</Connector>
									</Node>
									<Node Name="UseRightGap" Type="Sequence" Node_id="54" >
										<Connector Identifier="GenericChildren">
											<Node Name="GoGapOnRight" Operation="GoGapOnRight" Type="Action" Node_id="55" />
											<Node Name="JumpRightLongModified" Type="Sequence" Node_id="56" >
												<Connector Identifier="GenericChildren">
													<Node Name="NOP" Operation="NOP" Type="Action" Node_id="57" />
													<Node Filter_Type="Loop" Name="Loop_Make_Jump" Times="2" Type="Filter" Node_id="58" >
														<Connector Identifier="GenericChildren">
															<Node Name="VerticalJump" Operation="VerticalJump" Type="Action" Node_id="59" />
														</Connector>
													</Node>
													<Node Filter_Type="Loop" Name="Loop_Make_Jump" Times="9" Type="Filter" Node_id="60" >
														<Connector Identifier="GenericChildren">
															<Node Name="JumpRight" Operation="JumpRight" Type="Action" Node_id="61" />
														</Connector>
													</Node>
													<Node Name="Failure" Operation="Failure" Type="Condition" Node_id="62" />
												</Connector>
											</Node>
										</Connector>
									</Node>
								</Connector>
							</Node>
						</Connector>
					</Node>
				</Connector>
			</Node>
		</Connector>
	</Node>
 	<Node Name="JumpRightRunShort" Type="Sequence" Node_id="186" >
		<Connector Identifier="GenericChildren">
			<Node Name="NOP" Operation="NOP" Type="Action" Node_id="187" />
			<Node Filter_Type="Loop" Name="Loop_Run" Times="3" Type="Filter" Node_id="191" >
				<Connector Identifier="GenericChildren">
					<Node Name="JumpRightRun" Operation="JumpRightRun" Type="Action" Node_id="190" />
				</Connector>
			</Node>
		</Connector>
	</Node>
 </Connector>
</Node>
 </Connector>
</Node>
 </Connector>
</Node>
  <Node Type="Sequence" Name="defaultSequence" >
 <Connector Identifier="GenericChildren">
 	<Node Name="JumpLeftShort" Type="Sequence" Node_id="146" >
		<Connector Identifier="GenericChildren">
			<Node Name="NOP" Operation="NOP" Type="Action" Node_id="147" />
			<Node Filter_Type="Loop" Name="Loop_Run" Times="3" Type="Filter" Node_id="151" >
				<Connector Identifier="GenericChildren">
					<Node Name="JumpLeft" Operation="JumpLeft" Type="Action" Node_id="150" />
				</Connector>
			</Node>
		</Connector>
	</Node>
 	<Node Name="JumpRightLong" Type="Sequence" Node_id="93" >
		<Connector Identifier="GenericChildren">
			<Node Name="NOP" Operation="NOP" Type="Action" Node_id="94" />
			<Node Filter_Type="Loop" Name="Loop_Make_Jump" Times="9" Type="Filter" Node_id="95" >
				<Connector Identifier="GenericChildren">
					<Node Name="JumpRight" Operation="JumpRight" Type="Action" Node_id="96" />
				</Connector>
			</Node>
		</Connector>
	</Node>
 </Connector>
</Node>
 </Connector>
 </Node>
 </Node>
 </Behavior>

