<?xml version="1.0" encoding="utf-8"?>
 <Behavior>
 <Node Name="GE_BT3" Type="Root" >
 <Node Type="Selector" Name="rootSelector" >
 <Connector Identifier="GenericChildren">
  <Node Type="Sequence" Name="BehaviourBlock" >
 <Connector Identifier="GenericChildren">
 <Node Name="ObstacleBack" Type="Condition" />
 <Node Name="EnemyBack" Type="Condition" />
 <Node Filter_Type="Loop" Name="loop" Times="9" Type="Filter" >
 <Connector Identifier="GenericChildren">
 <Node Type="Sequence" Name="mySequence" >
 <Connector Identifier="GenericChildren">
 	<Node Name="JumpRightRunShort" Type="Sequence" Node_id="186" >
		<Connector Identifier="GenericChildren">
			<Node Name="NOP" Operation="NOP" Type="Action" Node_id="187" />
			<Node Filter_Type="Loop" Name="Loop_Run" Times="3" Type="Filter" Node_id="191" >
				<Connector Identifier="GenericChildren">
					<Node Name="JumpRightRun" Operation="JumpRightRun" Type="Action" Node_id="190" />
				</Connector>
			</Node>
		</Connector>
	</Node>
 </Connector>
</Node>
 </Connector>
</Node>
 </Connector>
</Node>
  <Node Type="Sequence" Name="defaultSequence" >
 <Connector Identifier="GenericChildren">
 	<Node Name="RunRightSafe" Type="Selector" Node_id="293" >
		<Connector Identifier="GenericChildren">
			<Node Name="Hole" Type="Sequence" Node_id="294" >
				<Connector Identifier="GenericChildren">
					<Node Name="HoleAhead" Operation="HoleAhead" Type="Condition" Node_id="295" />
					<Node Name="JumpRightRunLong" Type="Sequence" Node_id="301" >
						<Connector Identifier="GenericChildren">
							<Node Name="NOP" Operation="NOP" Type="Action" Node_id="302" />
							<Node Filter_Type="Loop" Name="Loop_Run" Times="9" Type="Filter" Node_id="303" >
								<Connector Identifier="GenericChildren">
									<Node Name="JumpRightRun" Operation="JumpRightRun" Type="Action" Node_id="304" />
								</Connector>
							</Node>
						</Connector>
					</Node>
				</Connector>
			</Node>
			<Node Name="Obstacle" Type="Sequence" Node_id="305" >
				<Connector Identifier="GenericChildren">
					<Node Name="ObstacleAhead" Operation="ObstacleAhead" Type="Condition" Node_id="306" />
					<Node Name="JumpRightRunLong" Type="Sequence" Node_id="307" >
						<Connector Identifier="GenericChildren">
							<Node Name="NOP" Operation="NOP" Type="Action" Node_id="308" />
							<Node Filter_Type="Loop" Name="Loop_Run" Times="9" Type="Filter" Node_id="309" >
								<Connector Identifier="GenericChildren">
									<Node Name="JumpRightRun" Operation="JumpRightRun" Type="Action" Node_id="310" />
								</Connector>
							</Node>
						</Connector>
					</Node>
				</Connector>
			</Node>
			<Node Name="jumpableEnemy" Type="Sequence" Node_id="311" >
				<Connector Identifier="GenericChildren">
					<Node Name="JumpableEnemyAhead" Operation="JumpableEnemyAhead" Type="Condition" Node_id="312" />
					<Node Name="JumpRightShort" Type="Sequence" Node_id="328" >
						<Connector Identifier="GenericChildren">
							<Node Name="NOP" Operation="NOP" Type="Action" Node_id="329" />
							<Node Filter_Type="Loop" Name="Loop_Run" Times="3" Type="Filter" Node_id="330" >
								<Connector Identifier="GenericChildren">
									<Node Name="JumpRight" Operation="JumpRight" Type="Action" Node_id="331" />
								</Connector>
							</Node>
						</Connector>
					</Node>
				</Connector>
			</Node>
			<Node Name="noJumpableEnemy" Type="Sequence" Node_id="317" >
				<Connector Identifier="GenericChildren">
					<Node Name="NoJumpableEnemyAhead" Operation="NoJumpableEnemyAhead" Type="Condition" Node_id="318" />
					<Node Name="JumpRightRunLong" Type="Sequence" Node_id="319" >
						<Connector Identifier="GenericChildren">
							<Node Name="NOP" Operation="NOP" Type="Action" Node_id="320" />
							<Node Filter_Type="Loop" Name="Loop_Run" Times="9" Type="Filter" Node_id="321" >
								<Connector Identifier="GenericChildren">
									<Node Name="JumpRightRun" Operation="JumpRightRun" Type="Action" Node_id="322" />
								</Connector>
							</Node>
						</Connector>
					</Node>
				</Connector>
			</Node>
			<Node Name="RunRight" Operation="RunRight" Type="Action" Node_id="332" />
		</Connector>
	</Node>
 	<Node Name="JumpRightLong" Type="Sequence" Node_id="93" >
		<Connector Identifier="GenericChildren">
			<Node Name="NOP" Operation="NOP" Type="Action" Node_id="94" />
			<Node Filter_Type="Loop" Name="Loop_Make_Jump" Times="9" Type="Filter" Node_id="95" >
				<Connector Identifier="GenericChildren">
					<Node Name="JumpRight" Operation="JumpRight" Type="Action" Node_id="96" />
				</Connector>
			</Node>
		</Connector>
	</Node>
 	<Node Name="UseRightGap" Type="Sequence" Node_id="66" >
		<Connector Identifier="GenericChildren">
			<Node Name="GoGapOnRight" Operation="GoGapOnRight" Type="Action" Node_id="67" />
			<Node Name="JumpRightLongModified" Type="Sequence" Node_id="68" >
				<Connector Identifier="GenericChildren">
					<Node Name="NOP" Operation="NOP" Type="Action" Node_id="69" />
					<Node Filter_Type="Loop" Name="Loop_Make_Jump" Times="2" Type="Filter" Node_id="70" >
						<Connector Identifier="GenericChildren">
							<Node Name="VerticalJump" Operation="VerticalJump" Type="Action" Node_id="71" />
						</Connector>
					</Node>
					<Node Filter_Type="Loop" Name="Loop_Make_Jump" Times="9" Type="Filter" Node_id="72" >
						<Connector Identifier="GenericChildren">
							<Node Name="JumpRight" Operation="JumpRight" Type="Action" Node_id="73" />
						</Connector>
					</Node>
				</Connector>
			</Node>
		</Connector>
	</Node>
 <Node Name="RunRight" Type="Action" />
 	<Node Name="JumpRightLong" Type="Sequence" Node_id="93" >
		<Connector Identifier="GenericChildren">
			<Node Name="NOP" Operation="NOP" Type="Action" Node_id="94" />
			<Node Filter_Type="Loop" Name="Loop_Make_Jump" Times="9" Type="Filter" Node_id="95" >
				<Connector Identifier="GenericChildren">
					<Node Name="JumpRight" Operation="JumpRight" Type="Action" Node_id="96" />
				</Connector>
			</Node>
		</Connector>
	</Node>
 <Node Name="Speed" Type="Action" />
 <Node Name="WalkRight" Type="Action" />
 <Node Name="WalkRight" Type="Action" />
 <Node Name="WalkLeft" Type="Action" />
 	<Node Name="JumpLeftShort" Type="Sequence" Node_id="146" >
		<Connector Identifier="GenericChildren">
			<Node Name="NOP" Operation="NOP" Type="Action" Node_id="147" />
			<Node Filter_Type="Loop" Name="Loop_Run" Times="3" Type="Filter" Node_id="151" >
				<Connector Identifier="GenericChildren">
					<Node Name="JumpLeft" Operation="JumpLeft" Type="Action" Node_id="150" />
				</Connector>
			</Node>
		</Connector>
	</Node>
 	<Node Name="UseRightGap" Type="Sequence" Node_id="66" >
		<Connector Identifier="GenericChildren">
			<Node Name="GoGapOnRight" Operation="GoGapOnRight" Type="Action" Node_id="67" />
			<Node Name="JumpRightLongModified" Type="Sequence" Node_id="68" >
				<Connector Identifier="GenericChildren">
					<Node Name="NOP" Operation="NOP" Type="Action" Node_id="69" />
					<Node Filter_Type="Loop" Name="Loop_Make_Jump" Times="2" Type="Filter" Node_id="70" >
						<Connector Identifier="GenericChildren">
							<Node Name="VerticalJump" Operation="VerticalJump" Type="Action" Node_id="71" />
						</Connector>
					</Node>
					<Node Filter_Type="Loop" Name="Loop_Make_Jump" Times="9" Type="Filter" Node_id="72" >
						<Connector Identifier="GenericChildren">
							<Node Name="JumpRight" Operation="JumpRight" Type="Action" Node_id="73" />
						</Connector>
					</Node>
				</Connector>
			</Node>
		</Connector>
	</Node>
 <Node Name="Speed" Type="Action" />
 </Connector>
</Node>
 </Connector>
 </Node>
 </Node>
 </Behavior>

