<?xml version="1.0" encoding="utf-8"?>
 <Behavior>
 <Node Name="GE_BT3" Type="Root" >
 <Node Type="Selector" Name="rootSelector" >
 <Connector Identifier="GenericChildren">
  <Node Type="Sequence" Name="BehaviourBlock" >
 <Connector Identifier="GenericChildren">
 	<Node Name="UseLeftGap" Type="Sequence" Node_id="75" >
		<Connector Identifier="GenericChildren">
			<Node Name="GoGapOnLeft" Operation="GoGapOnLeft" Type="Action" Node_id="76" />
			<Node Name="JumpRightLongModified" Type="Sequence" Node_id="77" >
				<Connector Identifier="GenericChildren">
					<Node Name="NOP" Operation="NOP" Type="Action" Node_id="78" />
					<Node Filter_Type="Loop" Name="Loop_Make_Jump" Times="2" Type="Filter" Node_id="79" >
						<Connector Identifier="GenericChildren">
							<Node Name="VerticalJump" Operation="VerticalJump" Type="Action" Node_id="80" />
						</Connector>
					</Node>
					<Node Filter_Type="Loop" Name="Loop_Make_Jump" Times="9" Type="Filter" Node_id="81" >
						<Connector Identifier="GenericChildren">
							<Node Name="JumpRight" Operation="JumpRight" Type="Action" Node_id="82" />
						</Connector>
					</Node>
				</Connector>
			</Node>
		</Connector>
	</Node>
 <Node Filter_Type="Loop" Name="loop" Times="9" Type="Filter" >
 <Connector Identifier="GenericChildren">
 <Node Type="Sequence" Name="mySequence" >
 <Connector Identifier="GenericChildren">
 	<Node Name="JumpRightRunLong" Type="Sequence" Node_id="98" >
		<Connector Identifier="GenericChildren">
			<Node Name="NOP" Operation="NOP" Type="Action" Node_id="99" />
			<Node Filter_Type="Loop" Name="Loop_Run" Times="9" Type="Filter" Node_id="100" >
				<Connector Identifier="GenericChildren">
					<Node Name="JumpRightRun" Operation="JumpRightRun" Type="Action" Node_id="101" />
				</Connector>
			</Node>
		</Connector>
	</Node>
 </Connector>
</Node>
 </Connector>
</Node>
 </Connector>
</Node>
  <Node Type="Sequence" Name="BehaviourBlock" >
 <Connector Identifier="GenericChildren">
 <Node Name="IsClimbableUpAhead" Type="Condition" />
 <Node Type="Sequence" Name="mySequence" >
 <Connector Identifier="GenericChildren">
 	<Node Name="JumpRightLong" Type="Sequence" Node_id="93" >
		<Connector Identifier="GenericChildren">
			<Node Name="NOP" Operation="NOP" Type="Action" Node_id="94" />
			<Node Filter_Type="Loop" Name="Loop_Make_Jump" Times="9" Type="Filter" Node_id="95" >
				<Connector Identifier="GenericChildren">
					<Node Name="JumpRight" Operation="JumpRight" Type="Action" Node_id="96" />
				</Connector>
			</Node>
		</Connector>
	</Node>
 	<Node Name="UseRightGap" Type="Sequence" Node_id="66" >
		<Connector Identifier="GenericChildren">
			<Node Name="GoGapOnRight" Operation="GoGapOnRight" Type="Action" Node_id="67" />
			<Node Name="JumpRightLongModified" Type="Sequence" Node_id="68" >
				<Connector Identifier="GenericChildren">
					<Node Name="NOP" Operation="NOP" Type="Action" Node_id="69" />
					<Node Filter_Type="Loop" Name="Loop_Make_Jump" Times="2" Type="Filter" Node_id="70" >
						<Connector Identifier="GenericChildren">
							<Node Name="VerticalJump" Operation="VerticalJump" Type="Action" Node_id="71" />
						</Connector>
					</Node>
					<Node Filter_Type="Loop" Name="Loop_Make_Jump" Times="9" Type="Filter" Node_id="72" >
						<Connector Identifier="GenericChildren">
							<Node Name="JumpRight" Operation="JumpRight" Type="Action" Node_id="73" />
						</Connector>
					</Node>
				</Connector>
			</Node>
		</Connector>
	</Node>
 <Node Name="RunRight" Type="Action" />
 	<Node Name="JumpRightLong" Type="Sequence" Node_id="93" >
		<Connector Identifier="GenericChildren">
			<Node Name="NOP" Operation="NOP" Type="Action" Node_id="94" />
			<Node Filter_Type="Loop" Name="Loop_Make_Jump" Times="9" Type="Filter" Node_id="95" >
				<Connector Identifier="GenericChildren">
					<Node Name="JumpRight" Operation="JumpRight" Type="Action" Node_id="96" />
				</Connector>
			</Node>
		</Connector>
	</Node>
 <Node Name="Speed" Type="Action" />
 <Node Name="WalkRight" Type="Action" />
 <Node Name="WalkRight" Type="Action" />
 <Node Name="WalkLeft" Type="Action" />
 	<Node Name="WalkLeftSafe" Type="Selector" Node_id="251" >
		<Connector Identifier="GenericChildren">
			<Node Name="Hole" Type="Sequence" Node_id="252" >
				<Connector Identifier="GenericChildren">
					<Node Name="HoleBack" Operation="HoleBack" Type="Condition" Node_id="253" />
					<Node Name="JumpLeftRunLong" Type="Sequence" Node_id="282" >
						<Connector Identifier="GenericChildren">
							<Node Name="NOP" Operation="NOP" Type="Action" Node_id="283" />
							<Node Filter_Type="Loop" Name="Loop_Run" Times="9" Type="Filter" Node_id="284" >
								<Connector Identifier="GenericChildren">
									<Node Name="JumpLeftRun" Operation="JumpLeftRun" Type="Action" Node_id="285" />
								</Connector>
							</Node>
						</Connector>
					</Node>
				</Connector>
			</Node>
			<Node Name="Obstacle" Type="Sequence" Node_id="258" >
				<Connector Identifier="GenericChildren">
					<Node Name="ObstacleBack" Operation="ObstacleBack" Type="Condition" Node_id="259" />
					<Node Name="JumpLeftRunLong" Type="Sequence" Node_id="286" >
						<Connector Identifier="GenericChildren">
							<Node Name="NOP" Operation="NOP" Type="Action" Node_id="287" />
							<Node Filter_Type="Loop" Name="Loop_Run" Times="9" Type="Filter" Node_id="288" >
								<Connector Identifier="GenericChildren">
									<Node Name="JumpLeftRun" Operation="JumpLeftRun" Type="Action" Node_id="289" />
								</Connector>
							</Node>
						</Connector>
					</Node>
				</Connector>
			</Node>
			<Node Name="jumpableEnemy" Type="Sequence" Node_id="264" >
				<Connector Identifier="GenericChildren">
					<Node Name="JumpableEnemyBack" Operation="JumpableEnemyBack" Type="Condition" Node_id="265" />
					<Node Name="JumpLeftShort" Type="Sequence" Node_id="299" >
						<Connector Identifier="GenericChildren">
							<Node Name="NOP" Operation="NOP" Type="Action" Node_id="300" />
							<Node Filter_Type="Loop" Name="Loop_Run" Times="3" Type="Filter" Node_id="301" >
								<Connector Identifier="GenericChildren">
									<Node Name="JumpLeft" Operation="JumpLeft" Type="Action" Node_id="302" />
								</Connector>
							</Node>
						</Connector>
					</Node>
				</Connector>
			</Node>
			<Node Name="noJumpableEnemy" Type="Sequence" Node_id="270" >
				<Connector Identifier="GenericChildren">
					<Node Name="NoJumpableEnemyBack" Operation="NoJumpableEnemyBack" Type="Condition" Node_id="271" />
					<Node Name="JumpLeftRunLong" Type="Sequence" Node_id="290" >
						<Connector Identifier="GenericChildren">
							<Node Name="NOP" Operation="NOP" Type="Action" Node_id="291" />
							<Node Filter_Type="Loop" Name="Loop_Run" Times="9" Type="Filter" Node_id="292" >
								<Connector Identifier="GenericChildren">
									<Node Name="JumpLeftRun" Operation="JumpLeftRun" Type="Action" Node_id="293" />
								</Connector>
							</Node>
						</Connector>
					</Node>
				</Connector>
			</Node>
			<Node Name="WalkLeft" Operation="WalkLeft" Type="Action" Node_id="276" />
		</Connector>
	</Node>
 	<Node Name="UseRightGap" Type="Sequence" Node_id="66" >
		<Connector Identifier="GenericChildren">
			<Node Name="GoGapOnRight" Operation="GoGapOnRight" Type="Action" Node_id="67" />
			<Node Name="JumpRightLongModified" Type="Sequence" Node_id="68" >
				<Connector Identifier="GenericChildren">
					<Node Name="NOP" Operation="NOP" Type="Action" Node_id="69" />
					<Node Filter_Type="Loop" Name="Loop_Make_Jump" Times="2" Type="Filter" Node_id="70" >
						<Connector Identifier="GenericChildren">
							<Node Name="VerticalJump" Operation="VerticalJump" Type="Action" Node_id="71" />
						</Connector>
					</Node>
					<Node Filter_Type="Loop" Name="Loop_Make_Jump" Times="9" Type="Filter" Node_id="72" >
						<Connector Identifier="GenericChildren">
							<Node Name="JumpRight" Operation="JumpRight" Type="Action" Node_id="73" />
						</Connector>
					</Node>
				</Connector>
			</Node>
		</Connector>
	</Node>
 </Connector>
</Node>
 </Connector>
</Node>
  <Node Type="Sequence" Name="BehaviourBlock" >
 <Connector Identifier="GenericChildren">
 <Node Name="ObstacleUp" Type="Condition" />
 <Node Name="IsPushableUpBack" Type="Condition" />
 <Node Filter_Type="Loop" Name="loop" Times="8" Type="Filter" >
 <Connector Identifier="GenericChildren">
 <Node Type="Sequence" Name="mySequence" >
 <Connector Identifier="GenericChildren">
 	<Node Name="JumpLeftRunLong" Type="Sequence" Node_id="82" >
		<Connector Identifier="GenericChildren">
			<Node Name="NOP" Operation="NOP" Type="Action" Node_id="83" />
			<Node Filter_Type="Loop" Name="Loop_Run" Times="9" Type="Filter" Node_id="84" >
				<Connector Identifier="GenericChildren">
					<Node Name="JumpLeftRun" Operation="JumpLeftRun" Type="Action" Node_id="85" />
				</Connector>
			</Node>
		</Connector>
	</Node>
 </Connector>
</Node>
 </Connector>
</Node>
 </Connector>
</Node>
  <Node Type="Sequence" Name="defaultSequence" >
 <Connector Identifier="GenericChildren">
 	<Node Name="JumpRightRunLong" Type="Sequence" Node_id="98" >
		<Connector Identifier="GenericChildren">
			<Node Name="NOP" Operation="NOP" Type="Action" Node_id="99" />
			<Node Filter_Type="Loop" Name="Loop_Run" Times="9" Type="Filter" Node_id="100" >
				<Connector Identifier="GenericChildren">
					<Node Name="JumpRightRun" Operation="JumpRightRun" Type="Action" Node_id="101" />
				</Connector>
			</Node>
		</Connector>
	</Node>
 	<Node Name="JumpLeftLong" Type="Sequence" Node_id="88" >
		<Connector Identifier="GenericChildren">
			<Node Name="NOP" Operation="NOP" Type="Action" Node_id="89" />
			<Node Filter_Type="Loop" Name="Loop_Make_Jump" Times="9" Type="Filter" Node_id="90" >
				<Connector Identifier="GenericChildren">
					<Node Name="JumpLeft" Operation="JumpLeft" Type="Action" Node_id="91" />
				</Connector>
			</Node>
		</Connector>
	</Node>
 </Connector>
</Node>
 </Connector>
 </Node>
 </Node>
 </Behavior>

