<?xml version="1.0" encoding="utf-8"?>
 <Behavior>
 <Node Name="GE_BT3" Type="Root" >
 <Node Type="Selector" Name="rootSelector" >
 <Connector Identifier="GenericChildren">
  <Node Type="Sequence" Name="BehaviourBlock" >
 <Connector Identifier="GenericChildren">
 <Node Name="EnemyAhead" Type="Condition" />
 <Node Filter_Type="Loop" Name="loop" Times="4" Type="Filter" >
 <Connector Identifier="GenericChildren">
 <Node Type="Sequence" Name="mySequence" >
 <Connector Identifier="GenericChildren">
 <Node Name="WalkRight" Type="Action" />
 <Node Name="WalkRight" Type="Action" />
 <Node Name="Fire" Type="Action" />
 </Connector>
</Node>
 </Connector>
</Node>
 </Connector>
</Node>
  <Node Type="Sequence" Name="BehaviourBlock" >
 <Connector Identifier="GenericChildren">
 <Node Name="IsStuck" Type="Condition" />
 <Node Type="Sequence" Name="mySequence" >
 <Connector Identifier="GenericChildren">
 	<Node Name="VerticalJumpLong" Type="Sequence" Node_id="103" >
		<Connector Identifier="GenericChildren">
			<Node Name="NOP" Operation="NOP" Type="Action" Node_id="104" />
			<Node Filter_Type="Loop" Name="Loop_Run" Times="9" Type="Filter" Node_id="105" >
				<Connector Identifier="GenericChildren">
					<Node Name="VerticalJump" Operation="VerticalJump" Type="Action" Node_id="106" />
				</Connector>
			</Node>
		</Connector>
	</Node>
 <Node Name="Down" Type="Action" />
 </Connector>
</Node>
 </Connector>
</Node>
  <Node Type="Sequence" Name="BehaviourBlock" >
 <Connector Identifier="GenericChildren">
 <Node Name="NoJumpableEnemyBack" Type="Condition" />
 <Node Name="IsPushableUpBack" Type="Condition" />
 <Node Filter_Type="Loop" Name="loop" Times="8" Type="Filter" >
 <Connector Identifier="GenericChildren">
 <Node Type="Sequence" Name="mySequence" >
 <Connector Identifier="GenericChildren">
 	<Node Name="Avoid_Left_Trap" Type="Sequence" Node_id="64" >
		<Connector Identifier="GenericChildren">
			<Node Name="IsALeftTrap" Operation="IsALeftTrap" Type="Condition" Node_id="65" />
			<Node Filter_Type="Until_Fails" Name="GetOutOfHere" Type="Filter" Node_id="66" >
				<Connector Identifier="GenericChildren">
					<Node Name="WhatToDo" Type="Selector" Node_id="67" >
						<Connector Identifier="GenericChildren">
							<Node Name="DetectGap" Type="Selector" Node_id="68" >
								<Connector Identifier="GenericChildren">
									<Node Name="GoALot" Type="Sequence" Node_id="69" >
										<Connector Identifier="GenericChildren">
											<Node Filter_Type="Non" Name="Non" Type="Filter" Node_id="70" >
												<Connector Identifier="GenericChildren">
													<Node Name="CanIStopRunning" Operation="CanIStopRunning" Type="Sequence" Node_id="71" >
														<Connector Identifier="GenericChildren">
															<Node Name="IsTrapLeftEnded" Operation="IsTrapLeftEnded" Type="Condition" Node_id="72" />
															<Node Name="IsGapOnLeft" Operation="IsGapOnLeft" Type="Condition" Node_id="73" />
														</Connector>
													</Node>
												</Connector>
											</Node>
											<Node Filter_Type="Non" Name="NON" Type="Filter" Node_id="74" >
												<Connector Identifier="GenericChildren">
													<Node Name="IsStuck" Operation="IsStuck" Type="Condition" Node_id="75" />
												</Connector>
											</Node>
											<Node Name="RunRightSafe" Type="Selector" Node_id="76" >
												<Connector Identifier="GenericChildren">
													<Node Name="Hole" Type="Sequence" Node_id="77" >
														<Connector Identifier="GenericChildren">
															<Node Name="HoleAhead" Operation="HoleAhead" Type="Condition" Node_id="78" />
															<Node Name="JumpRightRunLong" Type="Sequence" Node_id="79" >
																<Connector Identifier="GenericChildren">
																	<Node Name="NOP" Operation="NOP" Type="Action" Node_id="80" />
																	<Node Filter_Type="Loop" Name="Loop_Run" Times="9" Type="Filter" Node_id="81" >
																		<Connector Identifier="GenericChildren">
																			<Node Name="JumpRightRun" Operation="JumpRightRun" Type="Action" Node_id="82" />
																		</Connector>
																	</Node>
																</Connector>
															</Node>
														</Connector>
													</Node>
													<Node Name="Obstacle" Type="Sequence" Node_id="83" >
														<Connector Identifier="GenericChildren">
															<Node Name="ObstacleAhead" Operation="ObstacleAhead" Type="Condition" Node_id="84" />
															<Node Name="JumpRightRunLong" Type="Sequence" Node_id="85" >
																<Connector Identifier="GenericChildren">
																	<Node Name="NOP" Operation="NOP" Type="Action" Node_id="86" />
																	<Node Filter_Type="Loop" Name="Loop_Run" Times="9" Type="Filter" Node_id="87" >
																		<Connector Identifier="GenericChildren">
																			<Node Name="JumpRightRun" Operation="JumpRightRun" Type="Action" Node_id="88" />
																		</Connector>
																	</Node>
																</Connector>
															</Node>
														</Connector>
													</Node>
													<Node Name="jumpableEnemy" Type="Sequence" Node_id="89" >
														<Connector Identifier="GenericChildren">
															<Node Name="JumpableEnemyAhead" Operation="JumpableEnemyAhead" Type="Condition" Node_id="90" />
															<Node Name="JumpRightShort" Type="Sequence" Node_id="91" >
																<Connector Identifier="GenericChildren">
																	<Node Name="NOP" Operation="NOP" Type="Action" Node_id="92" />
																	<Node Filter_Type="Loop" Name="Loop_Run" Times="3" Type="Filter" Node_id="93" >
																		<Connector Identifier="GenericChildren">
																			<Node Name="JumpRight" Operation="JumpRight" Type="Action" Node_id="94" />
																		</Connector>
																	</Node>
																</Connector>
															</Node>
														</Connector>
													</Node>
													<Node Name="noJumpableEnemy" Type="Sequence" Node_id="95" >
														<Connector Identifier="GenericChildren">
															<Node Name="NoJumpableEnemyAhead" Operation="NoJumpableEnemyAhead" Type="Condition" Node_id="96" />
															<Node Name="JumpRightRunLong" Type="Sequence" Node_id="97" >
																<Connector Identifier="GenericChildren">
																	<Node Name="NOP" Operation="NOP" Type="Action" Node_id="98" />
																	<Node Filter_Type="Loop" Name="Loop_Run" Times="9" Type="Filter" Node_id="99" >
																		<Connector Identifier="GenericChildren">
																			<Node Name="JumpRightRun" Operation="JumpRightRun" Type="Action" Node_id="100" />
																		</Connector>
																	</Node>
																</Connector>
															</Node>
														</Connector>
													</Node>
													<Node Name="RunRight" Operation="RunRight" Type="Action" Node_id="101" />
												</Connector>
											</Node>
										</Connector>
									</Node>
									<Node Name="UseLeftGap" Type="Sequence" Node_id="102" >
										<Connector Identifier="GenericChildren">
											<Node Name="GoGapOnLeft" Operation="GoGapOnLeft" Type="Action" Node_id="103" />
											<Node Name="JumpRightLongModified" Type="Sequence" Node_id="104" >
												<Connector Identifier="GenericChildren">
													<Node Name="NOP" Operation="NOP" Type="Action" Node_id="105" />
													<Node Filter_Type="Loop" Name="Loop_Make_Jump" Times="2" Type="Filter" Node_id="106" >
														<Connector Identifier="GenericChildren">
															<Node Name="VerticalJump" Operation="VerticalJump" Type="Action" Node_id="107" />
														</Connector>
													</Node>
													<Node Filter_Type="Loop" Name="Loop_Make_Jump" Times="9" Type="Filter" Node_id="108" >
														<Connector Identifier="GenericChildren">
															<Node Name="JumpRight" Operation="JumpRight" Type="Action" Node_id="109" />
														</Connector>
													</Node>
													<Node Name="Failure" Operation="Failure" Type="Condition" Node_id="110" />
												</Connector>
											</Node>
										</Connector>
									</Node>
								</Connector>
							</Node>
						</Connector>
					</Node>
				</Connector>
			</Node>
		</Connector>
	</Node>
 </Connector>
</Node>
 </Connector>
</Node>
 </Connector>
</Node>
  <Node Type="Sequence" Name="defaultSequence" >
 <Connector Identifier="GenericChildren">
 	<Node Name="JumpRightRunShort" Type="Sequence" Node_id="186" >
		<Connector Identifier="GenericChildren">
			<Node Name="NOP" Operation="NOP" Type="Action" Node_id="187" />
			<Node Filter_Type="Loop" Name="Loop_Run" Times="3" Type="Filter" Node_id="191" >
				<Connector Identifier="GenericChildren">
					<Node Name="JumpRightRun" Operation="JumpRightRun" Type="Action" Node_id="190" />
				</Connector>
			</Node>
		</Connector>
	</Node>
 	<Node Name="WalkRightSafe" Type="Selector" Node_id="360" >
		<Connector Identifier="GenericChildren">
			<Node Name="Hole" Type="Sequence" Node_id="361" >
				<Connector Identifier="GenericChildren">
					<Node Name="HoleAhead" Operation="HoleAhead" Type="Condition" Node_id="362" />
					<Node Name="JumpRightRunLong" Type="Sequence" Node_id="363" >
						<Connector Identifier="GenericChildren">
							<Node Name="NOP" Operation="NOP" Type="Action" Node_id="364" />
							<Node Filter_Type="Loop" Name="Loop_Run" Times="9" Type="Filter" Node_id="365" >
								<Connector Identifier="GenericChildren">
									<Node Name="JumpRightRun" Operation="JumpRightRun" Type="Action" Node_id="366" />
								</Connector>
							</Node>
						</Connector>
					</Node>
				</Connector>
			</Node>
			<Node Name="Obstacle" Type="Sequence" Node_id="367" >
				<Connector Identifier="GenericChildren">
					<Node Name="ObstacleAhead" Operation="ObstacleAhead" Type="Condition" Node_id="368" />
					<Node Name="JumpRightRunLong" Type="Sequence" Node_id="369" >
						<Connector Identifier="GenericChildren">
							<Node Name="NOP" Operation="NOP" Type="Action" Node_id="370" />
							<Node Filter_Type="Loop" Name="Loop_Run" Times="9" Type="Filter" Node_id="371" >
								<Connector Identifier="GenericChildren">
									<Node Name="JumpRightRun" Operation="JumpRightRun" Type="Action" Node_id="372" />
								</Connector>
							</Node>
						</Connector>
					</Node>
				</Connector>
			</Node>
			<Node Name="jumpableEnemy" Type="Sequence" Node_id="373" >
				<Connector Identifier="GenericChildren">
					<Node Name="JumpableEnemyAhead" Operation="JumpableEnemyAhead" Type="Condition" Node_id="374" />
					<Node Name="JumpRightShort" Type="Sequence" Node_id="375" >
						<Connector Identifier="GenericChildren">
							<Node Name="NOP" Operation="NOP" Type="Action" Node_id="376" />
							<Node Filter_Type="Loop" Name="Loop_Run" Times="3" Type="Filter" Node_id="377" >
								<Connector Identifier="GenericChildren">
									<Node Name="JumpRight" Operation="JumpRight" Type="Action" Node_id="378" />
								</Connector>
							</Node>
						</Connector>
					</Node>
				</Connector>
			</Node>
			<Node Name="noJumpableEnemy" Type="Sequence" Node_id="379" >
				<Connector Identifier="GenericChildren">
					<Node Name="NoJumpableEnemyAhead" Operation="NoJumpableEnemyAhead" Type="Condition" Node_id="380" />
					<Node Name="JumpRightRunLong" Type="Sequence" Node_id="381" >
						<Connector Identifier="GenericChildren">
							<Node Name="NOP" Operation="NOP" Type="Action" Node_id="382" />
							<Node Filter_Type="Loop" Name="Loop_Run" Times="9" Type="Filter" Node_id="383" >
								<Connector Identifier="GenericChildren">
									<Node Name="JumpRightRun" Operation="JumpRightRun" Type="Action" Node_id="384" />
								</Connector>
							</Node>
						</Connector>
					</Node>
				</Connector>
			</Node>
			<Node Name="WalkRight" Operation="WalkRight" Type="Action" Node_id="385" />
		</Connector>
	</Node>
 <Node Name="Down" Type="Action" />
 </Connector>
</Node>
 </Connector>
 </Node>
 </Node>
 </Behavior>

