<?xml version="1.0" encoding="utf-8"?>
 <Behavior>
 <Node Name="GE_BT3" Type="Root" >
 <Node Type="Selector" Name="rootSelector" >
 <Connector Identifier="GenericChildren">
  <Node Type="Sequence" Name="BehaviourBlock" >
 <Connector Identifier="GenericChildren">
 <Node Name="ObstacleAhead" Type="Condition" />
 <Node Filter_Type="Until_Fails_Limited" Name="UFL" Times="7" Type="Filter" >
 <Connector Identifier="GenericChildren">
 <Node Type="Sequence" Name="mySequence" >
 <Connector Identifier="GenericChildren">
 	<Node Name="JumpRightRunLong" Type="Sequence" Node_id="98" >
		<Connector Identifier="GenericChildren">
			<Node Name="NOP" Operation="NOP" Type="Action" Node_id="99" />
			<Node Filter_Type="Loop" Name="Loop_Run" Times="9" Type="Filter" Node_id="100" >
				<Connector Identifier="GenericChildren">
					<Node Name="JumpRightRun" Operation="JumpRightRun" Type="Action" Node_id="101" />
				</Connector>
			</Node>
		</Connector>
	</Node>
 <Node Name="Speed" Type="Action" />
 </Connector>
</Node>
 </Connector>
</Node>
 </Connector>
</Node>
  <Node Type="Sequence" Name="defaultSequence" >
 <Connector Identifier="GenericChildren">
 	<Node Name="JumpRightRunLong" Type="Sequence" Node_id="98" >
		<Connector Identifier="GenericChildren">
			<Node Name="NOP" Operation="NOP" Type="Action" Node_id="99" />
			<Node Filter_Type="Loop" Name="Loop_Run" Times="9" Type="Filter" Node_id="100" >
				<Connector Identifier="GenericChildren">
					<Node Name="JumpRightRun" Operation="JumpRightRun" Type="Action" Node_id="101" />
				</Connector>
			</Node>
		</Connector>
	</Node>
 	<Node Name="JumpRightRunLong" Type="Sequence" Node_id="98" >
		<Connector Identifier="GenericChildren">
			<Node Name="NOP" Operation="NOP" Type="Action" Node_id="99" />
			<Node Filter_Type="Loop" Name="Loop_Run" Times="9" Type="Filter" Node_id="100" >
				<Connector Identifier="GenericChildren">
					<Node Name="JumpRightRun" Operation="JumpRightRun" Type="Action" Node_id="101" />
				</Connector>
			</Node>
		</Connector>
	</Node>
 </Connector>
</Node>
 </Connector>
 </Node>
 </Node>
 </Behavior>

